Query_ID,Hit_ID,Hit_Description,Identity_%,Coverage_%,E_value,Confidence,AMR_Status
WP_000002068.1,No Hit,No AMR Match,0.0,0.0,-,None,No
WP_000002683.1,No Hit,No AMR Match,0.0,0.0,-,None,No
WP_000002973.1,No Hit,No AMR Match,0.0,0.0,-,None,No
WP_000003559.1,No Hit,No AMR Match,0.0,0.0,-,None,No
WP_000003759.1,No Hit,No AMR Match,0.0,0.0,-,None,No
WP_000003870.1,No Hit,No AMR Match,0.0,0.0,-,None,No
WP_000004086.1,No Hit,No AMR Match,0.0,0.0,-,None,No
WP_000004335.1,No Hit,No AMR Match,0.0,0.0,-,None,No
WP_000004947.1,No Hit,No AMR Match,0.0,0.0,-,None,No
WP_000004981.1,No Hit,No AMR Match,0.0,0.0,-,None,No
WP_000005886.1,No Hit,No AMR Match,0.0,0.0,-,None,No
WP_000006110.1,No Hit,No AMR Match,0.0,0.0,-,None,No
WP_000006556.1,No Hit,No AMR Match,0.0,0.0,-,None,No
WP_000007683.1,No Hit,No AMR Match,0.0,0.0,-,None,No
WP_000007967.1,No Hit,No AMR Match,0.0,0.0,-,None,No
WP_000008673.1,No Hit,No AMR Match,0.0,0.0,-,None,No
WP_000009063.1,No Hit,No AMR Match,0.0,0.0,-,None,No
WP_000009238.1,No Hit,No AMR Match,0.0,0.0,-,None,No
WP_000011538.1,No Hit,No AMR Match,0.0,0.0,-,None,No
WP_000011687.1,No Hit,No AMR Match,0.0,0.0,-,None,No
WP_000011688.1,No Hit,No AMR Match,0.0,0.0,-,None,No
WP_000011823.1,No Hit,No AMR Match,0.0,0.0,-,None,No
WP_000015639.1,No Hit,No AMR Match,0.0,0.0,-,None,No
WP_000017736.1,No Hit,No AMR Match,0.0,0.0,-,None,No
WP_000018608.1,No Hit,No AMR Match,0.0,0.0,-,None,No
WP_000019127.1,No Hit,No AMR Match,0.0,0.0,-,None,No
WP_000019687.1,No Hit,No AMR Match,0.0,0.0,-,None,No
WP_000019744.1,No Hit,No AMR Match,0.0,0.0,-,None,No
WP_000020304.1,No Hit,No AMR Match,0.0,0.0,-,None,No
WP_000020361.1,No Hit,No AMR Match,0.0,0.0,-,None,No
WP_000020800.1,No Hit,No AMR Match,0.0,0.0,-,None,No
WP_000020853.1,No Hit,No AMR Match,0.0,0.0,-,None,No
WP_000021445.1,No Hit,No AMR Match,0.0,0.0,-,None,No
WP_000021864.1,No Hit,No AMR Match,0.0,0.0,-,None,No
WP_000022323.1,No Hit,No AMR Match,0.0,0.0,-,None,No
WP_000022728.1,No Hit,No AMR Match,0.0,0.0,-,None,No
WP_000022887.1,No Hit,No AMR Match,0.0,0.0,-,None,No
WP_000023316.1,No Hit,No AMR Match,0.0,0.0,-,None,No
WP_000024128.1,No Hit,No AMR Match,0.0,0.0,-,None,No
WP_000024827.1,No Hit,No AMR Match,0.0,0.0,-,None,No
WP_000025274.1,No Hit,No AMR Match,0.0,0.0,-,None,No
WP_000025835.1,No Hit,No AMR Match,0.0,0.0,-,None,No
WP_000026194.1,gnl|BL_ORD_ID|1242,gb|AAG03380.1|ARO:3002703|cmx [Corynebacterium striatum] ,27.84,69.11,4.15486e-24,Weak,Possible
WP_000026308.1,No Hit,No AMR Match,0.0,0.0,-,None,No
WP_000027928.1,No Hit,No AMR Match,0.0,0.0,-,None,No
WP_000027972.1,No Hit,No AMR Match,0.0,0.0,-,None,No
WP_000028628.1,No Hit,No AMR Match,0.0,0.0,-,None,No
WP_000028659.1,No Hit,No AMR Match,0.0,0.0,-,None,No
WP_000029211.1,No Hit,No AMR Match,0.0,0.0,-,None,No
WP_000029536.1,No Hit,No AMR Match,0.0,0.0,-,None,No
WP_000030057.1,No Hit,No AMR Match,0.0,0.0,-,None,No
WP_000030812.1,No Hit,No AMR Match,0.0,0.0,-,None,No
WP_000031108.1,No Hit,No AMR Match,0.0,0.0,-,None,No
WP_000031268.1,No Hit,No AMR Match,0.0,0.0,-,None,No
WP_000031401.1,No Hit,No AMR Match,0.0,0.0,-,None,No
WP_000031515.1,No Hit,No AMR Match,0.0,0.0,-,None,No
WP_000031892.1,No Hit,No AMR Match,0.0,0.0,-,None,No
WP_000032657.1,No Hit,No AMR Match,0.0,0.0,-,None,No
WP_000032727.1,No Hit,No AMR Match,0.0,0.0,-,None,No
WP_000032836.1,No Hit,No AMR Match,0.0,0.0,-,None,No
WP_000032855.1,No Hit,No AMR Match,0.0,0.0,-,None,No
WP_000033477.1,No Hit,No AMR Match,0.0,0.0,-,None,No
WP_000034507.1,No Hit,No AMR Match,0.0,0.0,-,None,No
WP_000034716.1,No Hit,No AMR Match,0.0,0.0,-,None,No
WP_000034728.1,No Hit,No AMR Match,0.0,0.0,-,None,No
WP_000034961.1,No Hit,No AMR Match,0.0,0.0,-,None,No
WP_000035058.1,No Hit,No AMR Match,0.0,0.0,-,None,No
WP_000035320.1,No Hit,No AMR Match,0.0,0.0,-,None,No
WP_000035766.1,No Hit,No AMR Match,0.0,0.0,-,None,No
WP_000036005.1,No Hit,No AMR Match,0.0,0.0,-,None,No
WP_000036076.1,No Hit,No AMR Match,0.0,0.0,-,None,No
WP_000036088.1,No Hit,No AMR Match,0.0,0.0,-,None,No
WP_000036327.1,No Hit,No AMR Match,0.0,0.0,-,None,No
WP_000036631.1,No Hit,No AMR Match,0.0,0.0,-,None,No
WP_000036757.1,No Hit,No AMR Match,0.0,0.0,-,None,No
WP_000037075.1,No Hit,No AMR Match,0.0,0.0,-,None,No
WP_000037332.1,No Hit,No AMR Match,0.0,0.0,-,None,No
WP_000037508.1,No Hit,No AMR Match,0.0,0.0,-,None,No
WP_000038231.1,No Hit,No AMR Match,0.0,0.0,-,None,No
WP_000038517.1,No Hit,No AMR Match,0.0,0.0,-,None,No
WP_000038961.1,gnl|BL_ORD_ID|537,gb|KIX81495.1|ARO:3002813|lmrB [Bacillus subtilis] ,37.45,99.79,2.21872e-110,Weak,Possible
WP_000040054.1,No Hit,No AMR Match,0.0,0.0,-,None,No
WP_000040069.1,No Hit,No AMR Match,0.0,0.0,-,None,No
WP_000040575.1,No Hit,No AMR Match,0.0,0.0,-,None,No
WP_000040873.1,No Hit,No AMR Match,0.0,0.0,-,None,No
WP_000041883.1,No Hit,No AMR Match,0.0,0.0,-,None,No
WP_000041896.1,No Hit,No AMR Match,0.0,0.0,-,None,No
WP_000043161.1,No Hit,No AMR Match,0.0,0.0,-,None,No
WP_000043237.1,No Hit,No AMR Match,0.0,0.0,-,None,No
WP_000043634.1,gnl|BL_ORD_ID|1189,gb|CBH51823.1|ARO:3000556|tet(44) [Campylobacter fetus subsp. fetus] ,32.62,20.0,1.78632e-13,Weak,Possible
WP_000044363.1,No Hit,No AMR Match,0.0,0.0,-,None,No
WP_000044529.1,No Hit,No AMR Match,0.0,0.0,-,None,No
WP_000044799.1,No Hit,No AMR Match,0.0,0.0,-,None,No
WP_000046022.1,No Hit,No AMR Match,0.0,0.0,-,None,No
WP_000046076.1,No Hit,No AMR Match,0.0,0.0,-,None,No
WP_000046602.1,gnl|BL_ORD_ID|2212,gb|AAN28945.1|ARO:3003785|Ctra_murA_FOF [Chlamydia trachomatis] ,31.8,103.58,1.56162e-59,Weak,Possible
WP_000047009.1,No Hit,No AMR Match,0.0,0.0,-,None,No
WP_000047255.1,No Hit,No AMR Match,0.0,0.0,-,None,No
WP_000047348.1,No Hit,No AMR Match,0.0,0.0,-,None,No
WP_000047820.1,No Hit,No AMR Match,0.0,0.0,-,None,No
WP_000048060.1,No Hit,No AMR Match,0.0,0.0,-,None,No
WP_000048712.1,No Hit,No AMR Match,0.0,0.0,-,None,No
WP_000049154.1,No Hit,No AMR Match,0.0,0.0,-,None,No
WP_000049484.1,No Hit,No AMR Match,0.0,0.0,-,None,No
WP_000049919.1,No Hit,No AMR Match,0.0,0.0,-,None,No
WP_000050762.1,No Hit,No AMR Match,0.0,0.0,-,None,No
WP_000050973.1,No Hit,No AMR Match,0.0,0.0,-,None,No
WP_000051206.1,No Hit,No AMR Match,0.0,0.0,-,None,No
WP_000052078.1,No Hit,No AMR Match,0.0,0.0,-,None,No
WP_000052317.1,gnl|BL_ORD_ID|443,gb|AAV85982.1|ARO:3000535|macB [Neisseria gonorrhoeae] ,30.17,90.27,6.63647e-18,Weak,Possible
WP_000052590.1,gnl|BL_ORD_ID|5171,gb|BDR24828.1|ARO:3008223|IMP-97 [Klebsiella oxytoca] ,27.93,19.93,3.21655e-06,Weak,Possible
WP_000052781.1,No Hit,No AMR Match,0.0,0.0,-,None,No
WP_000054609.1,No Hit,No AMR Match,0.0,0.0,-,None,No
WP_000055337.1,No Hit,No AMR Match,0.0,0.0,-,None,No
WP_000055846.1,No Hit,No AMR Match,0.0,0.0,-,None,No
WP_000057330.1,No Hit,No AMR Match,0.0,0.0,-,None,No
WP_000057551.1,No Hit,No AMR Match,0.0,0.0,-,None,No
WP_000057594.1,No Hit,No AMR Match,0.0,0.0,-,None,No
WP_000057899.1,No Hit,No AMR Match,0.0,0.0,-,None,No
WP_000058383.1,No Hit,No AMR Match,0.0,0.0,-,None,No
WP_000060776.1,No Hit,No AMR Match,0.0,0.0,-,None,No
WP_000061866.1,No Hit,No AMR Match,0.0,0.0,-,None,No
WP_000062417.1,No Hit,No AMR Match,0.0,0.0,-,None,No
WP_000063582.1,No Hit,No AMR Match,0.0,0.0,-,None,No
WP_000064078.1,gnl|BL_ORD_ID|4613,gb|MBY8651251.1|ARO:3007191|vanR_in_vanP_cl [Enterococcus faecium] ,41.13,95.85,3.39674e-55,Strong,Yes
WP_000064214.1,No Hit,No AMR Match,0.0,0.0,-,None,No
WP_000064778.1,No Hit,No AMR Match,0.0,0.0,-,None,No
WP_000065035.1,No Hit,No AMR Match,0.0,0.0,-,None,No
WP_000066062.1,No Hit,No AMR Match,0.0,0.0,-,None,No
WP_000066097.1,No Hit,No AMR Match,0.0,0.0,-,None,No
WP_000066352.1,No Hit,No AMR Match,0.0,0.0,-,None,No
WP_000066378.1,No Hit,No AMR Match,0.0,0.0,-,None,No
WP_000066521.1,No Hit,No AMR Match,0.0,0.0,-,None,No
WP_000066900.1,No Hit,No AMR Match,0.0,0.0,-,None,No
WP_000066937.1,No Hit,No AMR Match,0.0,0.0,-,None,No
WP_000067115.1,No Hit,No AMR Match,0.0,0.0,-,None,No
WP_000067127.1,No Hit,No AMR Match,0.0,0.0,-,None,No
WP_000067349.1,gnl|BL_ORD_ID|2644,gb|ADZ12699.1|ARO:3005091|RanA [Riemerella anatipestifer RA-GD] ,27.98,45.85,4.35378e-25,Weak,Possible
WP_000068176.1,No Hit,No AMR Match,0.0,0.0,-,None,No
WP_000068617.1,No Hit,No AMR Match,0.0,0.0,-,None,No
WP_000069101.1,No Hit,No AMR Match,0.0,0.0,-,None,No
WP_000069282.1,No Hit,No AMR Match,0.0,0.0,-,None,No
WP_000070653.1,No Hit,No AMR Match,0.0,0.0,-,None,No
WP_000070811.1,No Hit,No AMR Match,0.0,0.0,-,None,No
WP_000070826.1,No Hit,No AMR Match,0.0,0.0,-,None,No
WP_000070866.1,No Hit,No AMR Match,0.0,0.0,-,None,No
WP_000070966.1,No Hit,No AMR Match,0.0,0.0,-,None,No
WP_000071351.1,No Hit,No AMR Match,0.0,0.0,-,None,No
WP_000071901.1,No Hit,No AMR Match,0.0,0.0,-,None,No
WP_000072147.1,No Hit,No AMR Match,0.0,0.0,-,None,No
WP_000072278.1,gnl|BL_ORD_ID|4712,gb|CYF42523.1|ARO:3004047|kdpD [Staphylococcus aureus] ,98.76,100.0,0.0,Strong,Yes
WP_000072444.1,No Hit,No AMR Match,0.0,0.0,-,None,No
WP_000072576.1,No Hit,No AMR Match,0.0,0.0,-,None,No
WP_000072584.1,No Hit,No AMR Match,0.0,0.0,-,None,No
WP_000072681.1,No Hit,No AMR Match,0.0,0.0,-,None,No
WP_000073184.1,No Hit,No AMR Match,0.0,0.0,-,None,No
WP_000073195.1,No Hit,No AMR Match,0.0,0.0,-,None,No
WP_000073352.1,No Hit,No AMR Match,0.0,0.0,-,None,No
WP_000073389.1,No Hit,No AMR Match,0.0,0.0,-,None,No
WP_000073898.1,gnl|BL_ORD_ID|2644,gb|ADZ12699.1|ARO:3005091|RanA [Riemerella anatipestifer RA-GD] ,27.14,82.35,6.05957e-19,Weak,Possible
WP_000074007.1,No Hit,No AMR Match,0.0,0.0,-,None,No
WP_000074048.1,No Hit,No AMR Match,0.0,0.0,-,None,No
WP_000075703.1,No Hit,No AMR Match,0.0,0.0,-,None,No
WP_000076036.1,No Hit,No AMR Match,0.0,0.0,-,None,No
WP_000076404.1,No Hit,No AMR Match,0.0,0.0,-,None,No
WP_000076661.1,No Hit,No AMR Match,0.0,0.0,-,None,No
WP_000076690.1,No Hit,No AMR Match,0.0,0.0,-,None,No
WP_000076929.1,No Hit,No AMR Match,0.0,0.0,-,None,No
WP_000077318.1,No Hit,No AMR Match,0.0,0.0,-,None,No
WP_000077344.1,No Hit,No AMR Match,0.0,0.0,-,None,No
WP_000077571.1,No Hit,No AMR Match,0.0,0.0,-,None,No
WP_000078092.1,gnl|BL_ORD_ID|443,gb|AAV85982.1|ARO:3000535|macB [Neisseria gonorrhoeae] ,38.46,91.05,3.87123e-37,Weak,Possible
WP_000079317.1,No Hit,No AMR Match,0.0,0.0,-,None,No
WP_000079447.1,gnl|BL_ORD_ID|443,gb|AAV85982.1|ARO:3000535|macB [Neisseria gonorrhoeae] ,34.42,75.97,6.92064e-23,Weak,Possible
WP_000080028.1,gnl|BL_ORD_ID|745,gb|AAA65953.1|ARO:3002919|vanR_in_vanA_cl [Enterococcus faecium] ,42.24,99.15,1.26601e-61,Strong,Yes
WP_000080557.1,No Hit,No AMR Match,0.0,0.0,-,None,No
WP_000081237.1,No Hit,No AMR Match,0.0,0.0,-,None,No
WP_000081602.1,No Hit,No AMR Match,0.0,0.0,-,None,No
WP_000082539.1,No Hit,No AMR Match,0.0,0.0,-,None,No
WP_000082559.1,No Hit,No AMR Match,0.0,0.0,-,None,No
WP_000082731.1,No Hit,No AMR Match,0.0,0.0,-,None,No
WP_000083807.1,No Hit,No AMR Match,0.0,0.0,-,None,No
WP_000084780.1,No Hit,No AMR Match,0.0,0.0,-,None,No
WP_000084829.1,No Hit,No AMR Match,0.0,0.0,-,None,No
WP_000087107.1,No Hit,No AMR Match,0.0,0.0,-,None,No
WP_000087388.1,No Hit,No AMR Match,0.0,0.0,-,None,No
WP_000087561.1,No Hit,No AMR Match,0.0,0.0,-,None,No
WP_000088195.1,No Hit,No AMR Match,0.0,0.0,-,None,No
WP_000088431.1,No Hit,No AMR Match,0.0,0.0,-,None,No
WP_000088648.1,gnl|BL_ORD_ID|4799,gb|QXM27671.1|ARO:3007848|NWM-1 [Pseudomonas aeruginosa] ,33.33,23.68,8.50754e-06,Weak,Possible
WP_000088722.1,No Hit,No AMR Match,0.0,0.0,-,None,No
WP_000089941.1,No Hit,No AMR Match,0.0,0.0,-,None,No
WP_000090315.1,gnl|BL_ORD_ID|1920,gb|AAF01499.1|ARO:3000193|tet(T) [Streptococcus pyogenes] ,27.31,98.27,4.61799e-88,Weak,Possible
WP_000090512.1,No Hit,No AMR Match,0.0,0.0,-,None,No
WP_000090796.1,No Hit,No AMR Match,0.0,0.0,-,None,No
WP_000091445.1,No Hit,No AMR Match,0.0,0.0,-,None,No
WP_000091732.1,No Hit,No AMR Match,0.0,0.0,-,None,No
WP_000091975.1,No Hit,No AMR Match,0.0,0.0,-,None,No
WP_000093349.1,No Hit,No AMR Match,0.0,0.0,-,None,No
WP_000093392.1,No Hit,No AMR Match,0.0,0.0,-,None,No
WP_000094576.1,No Hit,No AMR Match,0.0,0.0,-,None,No
WP_000094899.1,No Hit,No AMR Match,0.0,0.0,-,None,No
WP_000095327.1,No Hit,No AMR Match,0.0,0.0,-,None,No
WP_000097322.1,No Hit,No AMR Match,0.0,0.0,-,None,No
WP_000097462.1,No Hit,No AMR Match,0.0,0.0,-,None,No
WP_000098285.1,No Hit,No AMR Match,0.0,0.0,-,None,No
WP_000101288.1,No Hit,No AMR Match,0.0,0.0,-,None,No
WP_000101538.1,No Hit,No AMR Match,0.0,0.0,-,None,No
WP_000101625.1,No Hit,No AMR Match,0.0,0.0,-,None,No
WP_000101976.1,gnl|BL_ORD_ID|1977,gb|BAE85478.1|ARO:3003728|vanR_in_vanI_cl [Desulfitobacterium hafniense Y51] ,44.4,99.57,6.53645e-67,Strong,Yes
WP_000102735.1,No Hit,No AMR Match,0.0,0.0,-,None,No
WP_000105070.1,No Hit,No AMR Match,0.0,0.0,-,None,No
WP_000106141.1,No Hit,No AMR Match,0.0,0.0,-,None,No
WP_000106185.1,No Hit,No AMR Match,0.0,0.0,-,None,No
WP_000106330.1,No Hit,No AMR Match,0.0,0.0,-,None,No
WP_000108667.1,No Hit,No AMR Match,0.0,0.0,-,None,No
WP_000109906.1,No Hit,No AMR Match,0.0,0.0,-,None,No
WP_000109968.1,No Hit,No AMR Match,0.0,0.0,-,None,No
WP_000110011.1,No Hit,No AMR Match,0.0,0.0,-,None,No
WP_000110023.1,No Hit,No AMR Match,0.0,0.0,-,None,No
WP_000110157.1,No Hit,No AMR Match,0.0,0.0,-,None,No
WP_000110253.1,No Hit,No AMR Match,0.0,0.0,-,None,No
WP_000110603.1,No Hit,No AMR Match,0.0,0.0,-,None,No
WP_000111118.1,No Hit,No AMR Match,0.0,0.0,-,None,No
WP_000113262.1,No Hit,No AMR Match,0.0,0.0,-,None,No
WP_000113851.1,No Hit,No AMR Match,0.0,0.0,-,None,No
WP_000113974.1,No Hit,No AMR Match,0.0,0.0,-,None,No
WP_000114229.1,No Hit,No AMR Match,0.0,0.0,-,None,No
WP_000115564.1,No Hit,No AMR Match,0.0,0.0,-,None,No
WP_000116224.1,No Hit,No AMR Match,0.0,0.0,-,None,No
WP_000116417.1,No Hit,No AMR Match,0.0,0.0,-,None,No
WP_000118287.1,No Hit,No AMR Match,0.0,0.0,-,None,No
WP_000120104.1,No Hit,No AMR Match,0.0,0.0,-,None,No
WP_000120307.1,No Hit,No AMR Match,0.0,0.0,-,None,No
WP_000120368.1,No Hit,No AMR Match,0.0,0.0,-,None,No
WP_000120500.1,No Hit,No AMR Match,0.0,0.0,-,None,No
WP_000120549.1,No Hit,No AMR Match,0.0,0.0,-,None,No
WP_000121116.1,No Hit,No AMR Match,0.0,0.0,-,None,No
WP_000121875.1,No Hit,No AMR Match,0.0,0.0,-,None,No
WP_000122340.1,No Hit,No AMR Match,0.0,0.0,-,None,No
WP_000122374.1,No Hit,No AMR Match,0.0,0.0,-,None,No
WP_000122620.1,No Hit,No AMR Match,0.0,0.0,-,None,No
WP_000123165.1,No Hit,No AMR Match,0.0,0.0,-,None,No
WP_000123393.1,No Hit,No AMR Match,0.0,0.0,-,None,No
WP_000124353.1,No Hit,No AMR Match,0.0,0.0,-,None,No
WP_000124775.1,No Hit,No AMR Match,0.0,0.0,-,None,No
WP_000125708.1,No Hit,No AMR Match,0.0,0.0,-,None,No
WP_000127573.1,No Hit,No AMR Match,0.0,0.0,-,None,No
WP_000127593.1,gnl|BL_ORD_ID|1510,gb|ABA71733.1|ARO:3002972|vanT_in_vanG_cl [Enterococcus faecalis] ,27.3,99.45,1.52944e-23,Weak,Possible
WP_000127982.1,No Hit,No AMR Match,0.0,0.0,-,None,No
WP_000128366.1,gnl|BL_ORD_ID|1759,gb|BAA15221.2|ARO:3000263|marA [Escherichia coli str. K-12 substr. W3110] ,24.47,13.41,3.34594e-07,Weak,Possible
WP_000128656.1,No Hit,No AMR Match,0.0,0.0,-,None,No
WP_000128898.1,No Hit,No AMR Match,0.0,0.0,-,None,No
WP_000129063.1,No Hit,No AMR Match,0.0,0.0,-,None,No
WP_000129411.1,No Hit,No AMR Match,0.0,0.0,-,None,No
WP_000129653.1,gnl|BL_ORD_ID|4721,gb|MCO7070877.1|ARO:3007433|almE [Vibrio cholerae] ,28.07,75.67,3.1471e-33,Weak,Possible
WP_000130149.1,No Hit,No AMR Match,0.0,0.0,-,None,No
WP_000130454.1,No Hit,No AMR Match,0.0,0.0,-,None,No
WP_000130765.1,gnl|BL_ORD_ID|4764,gb|AAK99775.1|ARO:3000614|mef(E) [Streptococcus pneumoniae R6] ,25.8,100.25,8.91724e-14,Weak,Possible
WP_000131383.1,No Hit,No AMR Match,0.0,0.0,-,None,No
WP_000131830.1,No Hit,No AMR Match,0.0,0.0,-,None,No
WP_000132194.1,No Hit,No AMR Match,0.0,0.0,-,None,No
WP_000132890.1,No Hit,No AMR Match,0.0,0.0,-,None,No
WP_000133954.1,No Hit,No AMR Match,0.0,0.0,-,None,No
WP_000134232.1,No Hit,No AMR Match,0.0,0.0,-,None,No
WP_000134528.1,No Hit,No AMR Match,0.0,0.0,-,None,No
WP_000134545.1,No Hit,No AMR Match,0.0,0.0,-,None,No
WP_000134765.1,No Hit,No AMR Match,0.0,0.0,-,None,No
WP_000134779.1,No Hit,No AMR Match,0.0,0.0,-,None,No
WP_000134963.1,No Hit,No AMR Match,0.0,0.0,-,None,No
WP_000136020.1,No Hit,No AMR Match,0.0,0.0,-,None,No
WP_000136166.1,No Hit,No AMR Match,0.0,0.0,-,None,No
WP_000136253.1,No Hit,No AMR Match,0.0,0.0,-,None,No
WP_000136500.1,gnl|BL_ORD_ID|654,gb|AAP15294.1|ARO:3002675|catB2 [Pasteurella multocida] ,41.33,37.69,6.26377e-16,Weak,Possible
WP_000136636.1,No Hit,No AMR Match,0.0,0.0,-,None,No
WP_000136950.1,No Hit,No AMR Match,0.0,0.0,-,None,No
WP_000137775.1,No Hit,No AMR Match,0.0,0.0,-,None,No
WP_000138214.1,No Hit,No AMR Match,0.0,0.0,-,None,No
WP_000138351.1,No Hit,No AMR Match,0.0,0.0,-,None,No
WP_000138413.1,No Hit,No AMR Match,0.0,0.0,-,None,No
WP_000138475.1,No Hit,No AMR Match,0.0,0.0,-,None,No
WP_000138486.1,No Hit,No AMR Match,0.0,0.0,-,None,No
WP_000138648.1,gnl|BL_ORD_ID|1980,gb|AKA86814.1|ARO:3003746|optrA [Enterococcus faecalis] ,24.81,94.04,9.17279e-21,Weak,Possible
WP_000138932.1,No Hit,No AMR Match,0.0,0.0,-,None,No
WP_000139189.1,No Hit,No AMR Match,0.0,0.0,-,None,No
WP_000139712.1,No Hit,No AMR Match,0.0,0.0,-,None,No
WP_000140050.1,gnl|BL_ORD_ID|2644,gb|ADZ12699.1|ARO:3005091|RanA [Riemerella anatipestifer RA-GD] ,30.57,63.61,2.86013e-29,Weak,Possible
WP_000140176.1,No Hit,No AMR Match,0.0,0.0,-,None,No
WP_000140679.1,No Hit,No AMR Match,0.0,0.0,-,None,No
WP_000141108.1,No Hit,No AMR Match,0.0,0.0,-,None,No
WP_000141180.1,No Hit,No AMR Match,0.0,0.0,-,None,No
WP_000141414.1,No Hit,No AMR Match,0.0,0.0,-,None,No
WP_000141942.1,No Hit,No AMR Match,0.0,0.0,-,None,No
WP_000141982.1,No Hit,No AMR Match,0.0,0.0,-,None,No
WP_000142033.1,No Hit,No AMR Match,0.0,0.0,-,None,No
WP_000142036.1,No Hit,No AMR Match,0.0,0.0,-,None,No
WP_000142049.1,No Hit,No AMR Match,0.0,0.0,-,None,No
WP_000142094.1,No Hit,No AMR Match,0.0,0.0,-,None,No
WP_000142145.1,No Hit,No AMR Match,0.0,0.0,-,None,No
WP_000142176.1,No Hit,No AMR Match,0.0,0.0,-,None,No
WP_000142189.1,No Hit,No AMR Match,0.0,0.0,-,None,No
WP_000143419.1,gnl|BL_ORD_ID|1205,gb|AAC75429.1|ARO:3000833|evgS [Escherichia coli str. K-12 substr. MG1655] ,26.59,85.42,3.81168e-09,Weak,Possible
WP_000143503.1,No Hit,No AMR Match,0.0,0.0,-,None,No
WP_000143623.1,No Hit,No AMR Match,0.0,0.0,-,None,No
WP_000143642.1,No Hit,No AMR Match,0.0,0.0,-,None,No
WP_000145163.1,No Hit,No AMR Match,0.0,0.0,-,None,No
WP_000145499.1,No Hit,No AMR Match,0.0,0.0,-,None,No
WP_000145555.1,No Hit,No AMR Match,0.0,0.0,-,None,No
WP_000146745.1,No Hit,No AMR Match,0.0,0.0,-,None,No
WP_000147094.1,No Hit,No AMR Match,0.0,0.0,-,None,No
WP_000147103.1,No Hit,No AMR Match,0.0,0.0,-,None,No
WP_000148333.1,No Hit,No AMR Match,0.0,0.0,-,None,No
WP_000148605.1,No Hit,No AMR Match,0.0,0.0,-,None,No
WP_000148828.1,No Hit,No AMR Match,0.0,0.0,-,None,No
WP_000148855.1,No Hit,No AMR Match,0.0,0.0,-,None,No
WP_000149064.1,No Hit,No AMR Match,0.0,0.0,-,None,No
WP_000149257.1,No Hit,No AMR Match,0.0,0.0,-,None,No
WP_000149295.1,No Hit,No AMR Match,0.0,0.0,-,None,No
WP_000149344.1,gnl|BL_ORD_ID|297,gb|AAR84672.1|ARO:3002925|vanR_in_vanF_cl [Paenibacillus popilliae ATCC 14706] ,42.22,98.68,1.30345e-61,Strong,Yes
WP_000149404.1,No Hit,No AMR Match,0.0,0.0,-,None,No
WP_000149423.1,No Hit,No AMR Match,0.0,0.0,-,None,No
WP_000149503.1,No Hit,No AMR Match,0.0,0.0,-,None,No
WP_000149686.1,No Hit,No AMR Match,0.0,0.0,-,None,No
WP_000150017.1,No Hit,No AMR Match,0.0,0.0,-,None,No
WP_000150168.1,No Hit,No AMR Match,0.0,0.0,-,None,No
WP_000150195.1,No Hit,No AMR Match,0.0,0.0,-,None,No
WP_000150936.1,No Hit,No AMR Match,0.0,0.0,-,None,No
WP_000151112.1,No Hit,No AMR Match,0.0,0.0,-,None,No
WP_000151982.1,No Hit,No AMR Match,0.0,0.0,-,None,No
WP_000152582.1,No Hit,No AMR Match,0.0,0.0,-,None,No
WP_000152734.1,No Hit,No AMR Match,0.0,0.0,-,None,No
WP_000153344.1,No Hit,No AMR Match,0.0,0.0,-,None,No
WP_000153466.1,No Hit,No AMR Match,0.0,0.0,-,None,No
WP_000153530.1,gnl|BL_ORD_ID|930,gb|BAB36671.1|ARO:3000832|evgA [Escherichia coli O157:H7 str. Sakai] ,23.83,92.34,1.44707e-15,Weak,Possible
WP_000153540.1,No Hit,No AMR Match,0.0,0.0,-,None,No
WP_000154116.1,No Hit,No AMR Match,0.0,0.0,-,None,No
WP_000154162.1,gnl|BL_ORD_ID|443,gb|AAV85982.1|ARO:3000535|macB [Neisseria gonorrhoeae] ,40.72,87.7,3.63878e-53,Strong,Yes
WP_000154228.1,No Hit,No AMR Match,0.0,0.0,-,None,No
WP_000154465.1,No Hit,No AMR Match,0.0,0.0,-,None,No
WP_000154515.1,No Hit,No AMR Match,0.0,0.0,-,None,No
WP_000154559.1,No Hit,No AMR Match,0.0,0.0,-,None,No
WP_000154914.1,No Hit,No AMR Match,0.0,0.0,-,None,No
WP_000155386.1,gnl|BL_ORD_ID|443,gb|AAV85982.1|ARO:3000535|macB [Neisseria gonorrhoeae] ,30.7,79.72,1.31939e-27,Weak,Possible
WP_000157345.1,No Hit,No AMR Match,0.0,0.0,-,None,No
WP_000157603.1,No Hit,No AMR Match,0.0,0.0,-,None,No
WP_000157629.1,No Hit,No AMR Match,0.0,0.0,-,None,No
WP_000157650.1,No Hit,No AMR Match,0.0,0.0,-,None,No
WP_000158374.1,No Hit,No AMR Match,0.0,0.0,-,None,No
WP_000158433.1,No Hit,No AMR Match,0.0,0.0,-,None,No
WP_000159025.1,No Hit,No AMR Match,0.0,0.0,-,None,No
WP_000159034.1,No Hit,No AMR Match,0.0,0.0,-,None,No
WP_000159577.1,No Hit,No AMR Match,0.0,0.0,-,None,No
WP_000159631.1,gnl|BL_ORD_ID|317,gb|ABX54687.1|ARO:3002910|vanL [Enterococcus faecalis] ,35.9,98.6,5.86776e-69,Weak,Possible
WP_000159750.1,No Hit,No AMR Match,0.0,0.0,-,None,No
WP_000159787.1,No Hit,No AMR Match,0.0,0.0,-,None,No
WP_000159837.1,No Hit,No AMR Match,0.0,0.0,-,None,No
WP_000159865.1,No Hit,No AMR Match,0.0,0.0,-,None,No
WP_000159902.1,No Hit,No AMR Match,0.0,0.0,-,None,No
WP_000159960.1,No Hit,No AMR Match,0.0,0.0,-,None,No
WP_000160212.1,No Hit,No AMR Match,0.0,0.0,-,None,No
WP_000160304.1,No Hit,No AMR Match,0.0,0.0,-,None,No
WP_000160435.1,No Hit,No AMR Match,0.0,0.0,-,None,No
WP_000160456.1,No Hit,No AMR Match,0.0,0.0,-,None,No
WP_000160686.1,No Hit,No AMR Match,0.0,0.0,-,None,No
WP_000160859.1,No Hit,No AMR Match,0.0,0.0,-,None,No
WP_000160913.1,No Hit,No AMR Match,0.0,0.0,-,None,No
WP_000161299.1,gnl|BL_ORD_ID|1501,gb|AAG06942.1|ARO:3002985|arnA [Pseudomonas aeruginosa PAO1] ,29.26,100.0,5.70722e-45,Weak,Possible
WP_000161314.1,No Hit,No AMR Match,0.0,0.0,-,None,No
WP_000161358.1,gnl|BL_ORD_ID|756,gb|AHA41499.1|ARO:3002948|vanH_in_vanO_cl [Rhodococcus hoagii] ,32.52,98.19,3.00529e-53,Weak,Possible
WP_000161536.1,gnl|BL_ORD_ID|756,gb|AHA41499.1|ARO:3002948|vanH_in_vanO_cl [Rhodococcus hoagii] ,29.02,96.06,2.7233e-54,Weak,Possible
WP_000161661.1,No Hit,No AMR Match,0.0,0.0,-,None,No
WP_000161738.1,No Hit,No AMR Match,0.0,0.0,-,None,No
WP_000161829.1,No Hit,No AMR Match,0.0,0.0,-,None,No
WP_000161942.1,No Hit,No AMR Match,0.0,0.0,-,None,No
WP_000162661.1,No Hit,No AMR Match,0.0,0.0,-,None,No
WP_000162813.1,No Hit,No AMR Match,0.0,0.0,-,None,No
WP_000162881.1,No Hit,No AMR Match,0.0,0.0,-,None,No
WP_000163235.1,No Hit,No AMR Match,0.0,0.0,-,None,No
WP_000163283.1,No Hit,No AMR Match,0.0,0.0,-,None,No
WP_000163416.1,No Hit,No AMR Match,0.0,0.0,-,None,No
WP_000163431.1,No Hit,No AMR Match,0.0,0.0,-,None,No
WP_000163435.1,gnl|BL_ORD_ID|4509,gb|CAA53189.1|ARO:3000521|Saur_mupA_MUP [Staphylococcus aureus] ,99.61,100.0,0.0,Strong,Yes
WP_000163531.1,No Hit,No AMR Match,0.0,0.0,-,None,No
WP_000163627.1,No Hit,No AMR Match,0.0,0.0,-,None,No
WP_000163735.1,No Hit,No AMR Match,0.0,0.0,-,None,No
WP_000163809.1,No Hit,No AMR Match,0.0,0.0,-,None,No
WP_000163826.1,No Hit,No AMR Match,0.0,0.0,-,None,No
WP_000163988.1,No Hit,No AMR Match,0.0,0.0,-,None,No
WP_000164332.1,No Hit,No AMR Match,0.0,0.0,-,None,No
WP_000164421.1,No Hit,No AMR Match,0.0,0.0,-,None,No
WP_000164545.1,No Hit,No AMR Match,0.0,0.0,-,None,No
WP_000165536.1,No Hit,No AMR Match,0.0,0.0,-,None,No
WP_000166059.1,No Hit,No AMR Match,0.0,0.0,-,None,No
WP_000166801.1,gnl|BL_ORD_ID|165,gb|ABD30512.1|ARO:3000839|arlS [Staphylococcus aureus subsp. aureus NCTC 8325] ,100.0,100.0,0.0,Strong,Yes
WP_000166888.1,No Hit,No AMR Match,0.0,0.0,-,None,No
WP_000166917.1,No Hit,No AMR Match,0.0,0.0,-,None,No
WP_000167269.1,No Hit,No AMR Match,0.0,0.0,-,None,No
WP_000167314.1,No Hit,No AMR Match,0.0,0.0,-,None,No
WP_000167538.1,No Hit,No AMR Match,0.0,0.0,-,None,No
WP_000167867.1,No Hit,No AMR Match,0.0,0.0,-,None,No
WP_000167924.1,gnl|BL_ORD_ID|2336,gb|WP_102607457.1|ARO:3004361|sul4 [uncultured bacterium] ,39.78,102.62,1.4608e-48,Weak,Possible
WP_000167985.1,No Hit,No AMR Match,0.0,0.0,-,None,No
WP_000168845.1,gnl|BL_ORD_ID|1104,gb|AAF67494.2|ARO:3002522|novA [Streptomyces niveus] ,30.8,88.54,1.75573e-17,Weak,Possible
WP_000169042.1,No Hit,No AMR Match,0.0,0.0,-,None,No
WP_000169127.1,No Hit,No AMR Match,0.0,0.0,-,None,No
WP_000169220.1,No Hit,No AMR Match,0.0,0.0,-,None,No
WP_000169317.1,No Hit,No AMR Match,0.0,0.0,-,None,No
WP_000169584.1,No Hit,No AMR Match,0.0,0.0,-,None,No
WP_000170162.1,No Hit,No AMR Match,0.0,0.0,-,None,No
WP_000170403.1,gnl|BL_ORD_ID|1122,gb|AAL73129.1|ARO:3000616|mel [Streptococcus pyogenes] ,22.68,97.73,9.83393e-12,Weak,Possible
WP_000170610.1,No Hit,No AMR Match,0.0,0.0,-,None,No
WP_000171418.1,No Hit,No AMR Match,0.0,0.0,-,None,No
WP_000171648.1,No Hit,No AMR Match,0.0,0.0,-,None,No
WP_000171798.1,No Hit,No AMR Match,0.0,0.0,-,None,No
WP_000171859.1,No Hit,No AMR Match,0.0,0.0,-,None,No
WP_000171919.1,No Hit,No AMR Match,0.0,0.0,-,None,No
WP_000172342.1,No Hit,No AMR Match,0.0,0.0,-,None,No
WP_000172543.1,No Hit,No AMR Match,0.0,0.0,-,None,No
WP_000172939.1,No Hit,No AMR Match,0.0,0.0,-,None,No
WP_000173832.1,No Hit,No AMR Match,0.0,0.0,-,None,No
WP_000173869.1,gnl|BL_ORD_ID|2644,gb|ADZ12699.1|ARO:3005091|RanA [Riemerella anatipestifer RA-GD] ,26.23,90.04,1.91618e-21,Weak,Possible
WP_000173902.1,No Hit,No AMR Match,0.0,0.0,-,None,No
WP_000174053.1,No Hit,No AMR Match,0.0,0.0,-,None,No
WP_000174282.1,No Hit,No AMR Match,0.0,0.0,-,None,No
WP_000174578.1,No Hit,No AMR Match,0.0,0.0,-,None,No
WP_000175722.1,No Hit,No AMR Match,0.0,0.0,-,None,No
WP_000175746.1,gnl|BL_ORD_ID|1269,gb|AAO04716.1|ARO:3002865|dfrC [Staphylococcus epidermidis ATCC 12228] ,81.76,100.0,4.6723e-98,Strong,Yes
WP_000175846.1,No Hit,No AMR Match,0.0,0.0,-,None,No
WP_000176394.1,No Hit,No AMR Match,0.0,0.0,-,None,No
WP_000177464.1,No Hit,No AMR Match,0.0,0.0,-,None,No
WP_000178307.1,No Hit,No AMR Match,0.0,0.0,-,None,No
WP_000178881.1,No Hit,No AMR Match,0.0,0.0,-,None,No
WP_000179858.1,No Hit,No AMR Match,0.0,0.0,-,None,No
WP_000180230.1,No Hit,No AMR Match,0.0,0.0,-,None,No
WP_000180281.1,No Hit,No AMR Match,0.0,0.0,-,None,No
WP_000180411.1,No Hit,No AMR Match,0.0,0.0,-,None,No
WP_000180419.1,No Hit,No AMR Match,0.0,0.0,-,None,No
WP_000180461.1,No Hit,No AMR Match,0.0,0.0,-,None,No
WP_000180666.1,No Hit,No AMR Match,0.0,0.0,-,None,No
WP_000180991.1,No Hit,No AMR Match,0.0,0.0,-,None,No
WP_000181129.1,No Hit,No AMR Match,0.0,0.0,-,None,No
WP_000181322.1,No Hit,No AMR Match,0.0,0.0,-,None,No
WP_000181398.1,No Hit,No AMR Match,0.0,0.0,-,None,No
WP_000181404.1,No Hit,No AMR Match,0.0,0.0,-,None,No
WP_000181819.1,No Hit,No AMR Match,0.0,0.0,-,None,No
WP_000181832.1,No Hit,No AMR Match,0.0,0.0,-,None,No
WP_000182019.1,No Hit,No AMR Match,0.0,0.0,-,None,No
WP_000182215.1,No Hit,No AMR Match,0.0,0.0,-,None,No
WP_000182654.1,gnl|BL_ORD_ID|1920,gb|AAF01499.1|ARO:3000193|tet(T) [Streptococcus pyogenes] ,25.75,60.0,2.08929e-30,Weak,Possible
WP_000182751.1,No Hit,No AMR Match,0.0,0.0,-,None,No
WP_000182842.1,No Hit,No AMR Match,0.0,0.0,-,None,No
WP_000183378.1,No Hit,No AMR Match,0.0,0.0,-,None,No
WP_000183669.1,No Hit,No AMR Match,0.0,0.0,-,None,No
WP_000183726.1,No Hit,No AMR Match,0.0,0.0,-,None,No
WP_000183771.1,No Hit,No AMR Match,0.0,0.0,-,None,No
WP_000184227.1,No Hit,No AMR Match,0.0,0.0,-,None,No
WP_000184341.1,No Hit,No AMR Match,0.0,0.0,-,None,No
WP_000184370.1,No Hit,No AMR Match,0.0,0.0,-,None,No
WP_000184383.1,No Hit,No AMR Match,0.0,0.0,-,None,No
WP_000184398.1,No Hit,No AMR Match,0.0,0.0,-,None,No
WP_000184419.1,gnl|BL_ORD_ID|1812,gb|AAC36944.1|ARO:3003006|blt [Bacillus subtilis subsp. subtilis str. 168] ,22.96,48.64,4.56379e-09,Weak,Possible
WP_000184741.1,No Hit,No AMR Match,0.0,0.0,-,None,No
WP_000184947.1,No Hit,No AMR Match,0.0,0.0,-,None,No
WP_000185319.1,No Hit,No AMR Match,0.0,0.0,-,None,No
WP_000185671.1,No Hit,No AMR Match,0.0,0.0,-,None,No
WP_000185864.1,No Hit,No AMR Match,0.0,0.0,-,None,No
WP_000186029.1,No Hit,No AMR Match,0.0,0.0,-,None,No
WP_000186117.1,No Hit,No AMR Match,0.0,0.0,-,None,No
WP_000186134.1,No Hit,No AMR Match,0.0,0.0,-,None,No
WP_000186217.1,No Hit,No AMR Match,0.0,0.0,-,None,No
WP_000186313.1,No Hit,No AMR Match,0.0,0.0,-,None,No
WP_000186481.1,No Hit,No AMR Match,0.0,0.0,-,None,No
WP_000186933.1,No Hit,No AMR Match,0.0,0.0,-,None,No
WP_000190138.1,No Hit,No AMR Match,0.0,0.0,-,None,No
WP_000191092.1,No Hit,No AMR Match,0.0,0.0,-,None,No
WP_000191466.1,No Hit,No AMR Match,0.0,0.0,-,None,No
WP_000192137.1,gnl|BL_ORD_ID|1264,gb|ATC67679.1|ARO:3000838|arlR [Staphylococcus aureus subsp. aureus str. Newman] ,100.0,100.0,1.8311e-161,Strong,Yes
WP_000192168.1,No Hit,No AMR Match,0.0,0.0,-,None,No
WP_000192947.1,No Hit,No AMR Match,0.0,0.0,-,None,No
WP_000193707.1,No Hit,No AMR Match,0.0,0.0,-,None,No
WP_000193752.1,No Hit,No AMR Match,0.0,0.0,-,None,No
WP_000193898.1,No Hit,No AMR Match,0.0,0.0,-,None,No
WP_000195254.1,No Hit,No AMR Match,0.0,0.0,-,None,No
WP_000195794.1,No Hit,No AMR Match,0.0,0.0,-,None,No
WP_000195803.1,No Hit,No AMR Match,0.0,0.0,-,None,No
WP_000195907.1,No Hit,No AMR Match,0.0,0.0,-,None,No
WP_000196911.1,No Hit,No AMR Match,0.0,0.0,-,None,No
WP_000197019.1,No Hit,No AMR Match,0.0,0.0,-,None,No
WP_000197034.1,No Hit,No AMR Match,0.0,0.0,-,None,No
WP_000197273.1,No Hit,No AMR Match,0.0,0.0,-,None,No
WP_000197635.1,No Hit,No AMR Match,0.0,0.0,-,None,No
WP_000197806.1,No Hit,No AMR Match,0.0,0.0,-,None,No
WP_000197958.1,No Hit,No AMR Match,0.0,0.0,-,None,No
WP_000198504.1,No Hit,No AMR Match,0.0,0.0,-,None,No
WP_000198602.1,No Hit,No AMR Match,0.0,0.0,-,None,No
WP_000199070.1,No Hit,No AMR Match,0.0,0.0,-,None,No
WP_000200684.1,No Hit,No AMR Match,0.0,0.0,-,None,No
WP_000200948.1,No Hit,No AMR Match,0.0,0.0,-,None,No
WP_000201387.1,No Hit,No AMR Match,0.0,0.0,-,None,No
WP_000201638.1,No Hit,No AMR Match,0.0,0.0,-,None,No
WP_000201875.1,No Hit,No AMR Match,0.0,0.0,-,None,No
WP_000202037.1,No Hit,No AMR Match,0.0,0.0,-,None,No
WP_000202189.1,No Hit,No AMR Match,0.0,0.0,-,None,No
WP_000202389.1,gnl|BL_ORD_ID|930,gb|BAB36671.1|ARO:3000832|evgA [Escherichia coli O157:H7 str. Sakai] ,26.9,98.5,6.63516e-20,Weak,Possible
WP_000202439.1,No Hit,No AMR Match,0.0,0.0,-,None,No
WP_000204625.1,No Hit,No AMR Match,0.0,0.0,-,None,No
WP_000205106.1,No Hit,No AMR Match,0.0,0.0,-,None,No
WP_000205307.1,No Hit,No AMR Match,0.0,0.0,-,None,No
WP_000205572.1,No Hit,No AMR Match,0.0,0.0,-,None,No
WP_000206033.1,No Hit,No AMR Match,0.0,0.0,-,None,No
WP_000206108.1,No Hit,No AMR Match,0.0,0.0,-,None,No
WP_000206639.1,No Hit,No AMR Match,0.0,0.0,-,None,No
WP_000207105.1,No Hit,No AMR Match,0.0,0.0,-,None,No
WP_000207614.1,No Hit,No AMR Match,0.0,0.0,-,None,No
WP_000207845.1,No Hit,No AMR Match,0.0,0.0,-,None,No
WP_000208389.1,No Hit,No AMR Match,0.0,0.0,-,None,No
WP_000208414.1,No Hit,No AMR Match,0.0,0.0,-,None,No
WP_000208576.1,gnl|BL_ORD_ID|5992,gb|QUF57747.1|ARO:3009046|SFDC-1 [Serratia fonticola] ,23.8,79.32,1.40627e-19,Weak,Possible
WP_000208736.1,No Hit,No AMR Match,0.0,0.0,-,None,No
WP_000208915.1,No Hit,No AMR Match,0.0,0.0,-,None,No
WP_000209436.1,No Hit,No AMR Match,0.0,0.0,-,None,No
WP_000209565.1,gnl|BL_ORD_ID|314,gb|AAA99504.1|ARO:3002987|bcrA [Bacillus licheniformis] ,27.23,76.07,2.42609e-17,Weak,Possible
WP_000210828.1,No Hit,No AMR Match,0.0,0.0,-,None,No
WP_000211359.1,No Hit,No AMR Match,0.0,0.0,-,None,No
WP_000211543.1,No Hit,No AMR Match,0.0,0.0,-,None,No
WP_000211597.1,No Hit,No AMR Match,0.0,0.0,-,None,No
WP_000211676.1,No Hit,No AMR Match,0.0,0.0,-,None,No
WP_000213873.1,gnl|BL_ORD_ID|537,gb|KIX81495.1|ARO:3002813|lmrB [Bacillus subtilis] ,36.07,75.89,1.73496e-100,Weak,Possible
WP_000214075.1,No Hit,No AMR Match,0.0,0.0,-,None,No
WP_000214266.1,No Hit,No AMR Match,0.0,0.0,-,None,No
WP_000214557.1,No Hit,No AMR Match,0.0,0.0,-,None,No
WP_000214890.1,No Hit,No AMR Match,0.0,0.0,-,None,No
WP_000214898.1,No Hit,No AMR Match,0.0,0.0,-,None,No
WP_000215216.1,No Hit,No AMR Match,0.0,0.0,-,None,No
WP_000215236.1,No Hit,No AMR Match,0.0,0.0,-,None,No
WP_000215388.1,No Hit,No AMR Match,0.0,0.0,-,None,No
WP_000215595.1,No Hit,No AMR Match,0.0,0.0,-,None,No
WP_000215642.1,gnl|BL_ORD_ID|4780,gb|NP_217372.1|ARO:3007659|Rv2856 [Mycobacterium tuberculosis H37Rv] ,48.36,99.11,1.22619e-110,Strong,Yes
WP_000215724.1,No Hit,No AMR Match,0.0,0.0,-,None,No
WP_000216727.1,No Hit,No AMR Match,0.0,0.0,-,None,No
WP_000216853.1,No Hit,No AMR Match,0.0,0.0,-,None,No
WP_000216878.1,gnl|BL_ORD_ID|314,gb|AAA99504.1|ARO:3002987|bcrA [Bacillus licheniformis] ,34.12,85.77,1.3156e-33,Weak,Possible
WP_000216946.1,No Hit,No AMR Match,0.0,0.0,-,None,No
WP_000217466.1,No Hit,No AMR Match,0.0,0.0,-,None,No
WP_000217710.1,No Hit,No AMR Match,0.0,0.0,-,None,No
WP_000218091.1,No Hit,No AMR Match,0.0,0.0,-,None,No
WP_000219066.1,No Hit,No AMR Match,0.0,0.0,-,None,No
WP_000220938.1,No Hit,No AMR Match,0.0,0.0,-,None,No
WP_000221179.1,No Hit,No AMR Match,0.0,0.0,-,None,No
WP_000221958.1,No Hit,No AMR Match,0.0,0.0,-,None,No
WP_000222239.1,No Hit,No AMR Match,0.0,0.0,-,None,No
WP_000224622.1,No Hit,No AMR Match,0.0,0.0,-,None,No
WP_000225837.1,No Hit,No AMR Match,0.0,0.0,-,None,No
WP_000226108.1,No Hit,No AMR Match,0.0,0.0,-,None,No
WP_000226911.1,No Hit,No AMR Match,0.0,0.0,-,None,No
WP_000228666.1,No Hit,No AMR Match,0.0,0.0,-,None,No
WP_000229253.1,No Hit,No AMR Match,0.0,0.0,-,None,No
WP_000230173.1,No Hit,No AMR Match,0.0,0.0,-,None,No
WP_000230294.1,No Hit,No AMR Match,0.0,0.0,-,None,No
WP_000230358.1,No Hit,No AMR Match,0.0,0.0,-,None,No
WP_000231632.1,No Hit,No AMR Match,0.0,0.0,-,None,No
WP_000233526.1,No Hit,No AMR Match,0.0,0.0,-,None,No
WP_000234068.1,No Hit,No AMR Match,0.0,0.0,-,None,No
WP_000234728.1,No Hit,No AMR Match,0.0,0.0,-,None,No
WP_000235324.1,No Hit,No AMR Match,0.0,0.0,-,None,No
WP_000236397.1,No Hit,No AMR Match,0.0,0.0,-,None,No
WP_000236722.1,No Hit,No AMR Match,0.0,0.0,-,None,No
WP_000237518.1,No Hit,No AMR Match,0.0,0.0,-,None,No
WP_000238227.1,No Hit,No AMR Match,0.0,0.0,-,None,No
WP_000238236.1,No Hit,No AMR Match,0.0,0.0,-,None,No
WP_000238542.1,No Hit,No AMR Match,0.0,0.0,-,None,No
WP_000238664.1,gnl|BL_ORD_ID|1501,gb|AAG06942.1|ARO:3002985|arnA [Pseudomonas aeruginosa PAO1] ,36.9,44.68,5.12728e-11,Weak,Possible
WP_000239131.1,gnl|BL_ORD_ID|1337,gb|AAM09850.1|ARO:3002944|vanH_in_vanD_cl [Enterococcus faecium] ,29.75,99.06,8.19748e-29,Weak,Possible
WP_000239545.1,No Hit,No AMR Match,0.0,0.0,-,None,No
WP_000239610.1,No Hit,No AMR Match,0.0,0.0,-,None,No
WP_000239744.1,No Hit,No AMR Match,0.0,0.0,-,None,No
WP_000240058.1,No Hit,No AMR Match,0.0,0.0,-,None,No
WP_000240338.1,No Hit,No AMR Match,0.0,0.0,-,None,No
WP_000240580.1,No Hit,No AMR Match,0.0,0.0,-,None,No
WP_000240645.1,No Hit,No AMR Match,0.0,0.0,-,None,No
WP_000240662.1,No Hit,No AMR Match,0.0,0.0,-,None,No
WP_000240855.1,No Hit,No AMR Match,0.0,0.0,-,None,No
WP_000240920.1,No Hit,No AMR Match,0.0,0.0,-,None,No
WP_000241308.1,No Hit,No AMR Match,0.0,0.0,-,None,No
WP_000241351.1,No Hit,No AMR Match,0.0,0.0,-,None,No
WP_000241588.1,No Hit,No AMR Match,0.0,0.0,-,None,No
WP_000241602.1,No Hit,No AMR Match,0.0,0.0,-,None,No
WP_000243849.1,No Hit,No AMR Match,0.0,0.0,-,None,No
WP_000244278.1,No Hit,No AMR Match,0.0,0.0,-,None,No
WP_000244412.1,gnl|BL_ORD_ID|311,gb|AAD51347.1|ARO:3003067|smeS [Stenotrophomonas maltophilia] ,27.46,80.91,2.11292e-24,Weak,Possible
WP_000244865.1,No Hit,No AMR Match,0.0,0.0,-,None,No
WP_000245685.1,No Hit,No AMR Match,0.0,0.0,-,None,No
WP_000245895.1,No Hit,No AMR Match,0.0,0.0,-,None,No
WP_000246909.1,No Hit,No AMR Match,0.0,0.0,-,None,No
WP_000247465.1,No Hit,No AMR Match,0.0,0.0,-,None,No
WP_000248735.1,No Hit,No AMR Match,0.0,0.0,-,None,No
WP_000248839.1,No Hit,No AMR Match,0.0,0.0,-,None,No
WP_000249497.1,gnl|BL_ORD_ID|297,gb|AAR84672.1|ARO:3002925|vanR_in_vanF_cl [Paenibacillus popilliae ATCC 14706] ,34.8,101.34,7.41263e-45,Weak,Possible
WP_000249662.1,No Hit,No AMR Match,0.0,0.0,-,None,No
WP_000249804.1,No Hit,No AMR Match,0.0,0.0,-,None,No
WP_000249839.1,gnl|BL_ORD_ID|1088,gb|AAA86871.1|ARO:3002841|vatB [Staphylococcus aureus] ,39.34,25.52,1.83991e-11,Weak,Possible
WP_000250824.1,No Hit,No AMR Match,0.0,0.0,-,None,No
WP_000251253.1,No Hit,No AMR Match,0.0,0.0,-,None,No
WP_000253084.1,No Hit,No AMR Match,0.0,0.0,-,None,No
WP_000253765.1,No Hit,No AMR Match,0.0,0.0,-,None,No
WP_000255561.1,No Hit,No AMR Match,0.0,0.0,-,None,No
WP_000255586.1,No Hit,No AMR Match,0.0,0.0,-,None,No
WP_000256338.1,No Hit,No AMR Match,0.0,0.0,-,None,No
WP_000257598.1,No Hit,No AMR Match,0.0,0.0,-,None,No
WP_000257888.1,No Hit,No AMR Match,0.0,0.0,-,None,No
WP_000258003.1,No Hit,No AMR Match,0.0,0.0,-,None,No
WP_000258151.1,No Hit,No AMR Match,0.0,0.0,-,None,No
WP_000258650.1,No Hit,No AMR Match,0.0,0.0,-,None,No
WP_000258711.1,No Hit,No AMR Match,0.0,0.0,-,None,No
WP_000259692.1,No Hit,No AMR Match,0.0,0.0,-,None,No
WP_000259718.1,No Hit,No AMR Match,0.0,0.0,-,None,No
WP_000260118.1,No Hit,No AMR Match,0.0,0.0,-,None,No
WP_000260578.1,No Hit,No AMR Match,0.0,0.0,-,None,No
WP_000261115.1,No Hit,No AMR Match,0.0,0.0,-,None,No
WP_000262640.1,No Hit,No AMR Match,0.0,0.0,-,None,No
WP_000262704.1,No Hit,No AMR Match,0.0,0.0,-,None,No
WP_000264071.1,No Hit,No AMR Match,0.0,0.0,-,None,No
WP_000264751.1,No Hit,No AMR Match,0.0,0.0,-,None,No
WP_000265043.1,No Hit,No AMR Match,0.0,0.0,-,None,No
WP_000265252.1,No Hit,No AMR Match,0.0,0.0,-,None,No
WP_000265417.1,No Hit,No AMR Match,0.0,0.0,-,None,No
WP_000266096.1,No Hit,No AMR Match,0.0,0.0,-,None,No
WP_000266158.1,No Hit,No AMR Match,0.0,0.0,-,None,No
WP_000266883.1,No Hit,No AMR Match,0.0,0.0,-,None,No
WP_000267034.1,No Hit,No AMR Match,0.0,0.0,-,None,No
WP_000267247.1,No Hit,No AMR Match,0.0,0.0,-,None,No
WP_000268484.1,No Hit,No AMR Match,0.0,0.0,-,None,No
WP_000268754.1,No Hit,No AMR Match,0.0,0.0,-,None,No
WP_000269385.1,No Hit,No AMR Match,0.0,0.0,-,None,No
WP_000269923.1,No Hit,No AMR Match,0.0,0.0,-,None,No
WP_000271547.1,No Hit,No AMR Match,0.0,0.0,-,None,No
WP_000272069.1,No Hit,No AMR Match,0.0,0.0,-,None,No
WP_000272781.1,No Hit,No AMR Match,0.0,0.0,-,None,No
WP_000273253.1,No Hit,No AMR Match,0.0,0.0,-,None,No
WP_000273356.1,No Hit,No AMR Match,0.0,0.0,-,None,No
WP_000273371.1,No Hit,No AMR Match,0.0,0.0,-,None,No
WP_000273981.1,No Hit,No AMR Match,0.0,0.0,-,None,No
WP_000274029.1,No Hit,No AMR Match,0.0,0.0,-,None,No
WP_000274844.1,No Hit,No AMR Match,0.0,0.0,-,None,No
WP_000275730.1,No Hit,No AMR Match,0.0,0.0,-,None,No
WP_000276371.1,No Hit,No AMR Match,0.0,0.0,-,None,No
WP_000277415.1,No Hit,No AMR Match,0.0,0.0,-,None,No
WP_000277602.1,No Hit,No AMR Match,0.0,0.0,-,None,No
WP_000277652.1,No Hit,No AMR Match,0.0,0.0,-,None,No
WP_000277968.1,No Hit,No AMR Match,0.0,0.0,-,None,No
WP_000278010.1,No Hit,No AMR Match,0.0,0.0,-,None,No
WP_000278558.1,No Hit,No AMR Match,0.0,0.0,-,None,No
WP_000279374.1,No Hit,No AMR Match,0.0,0.0,-,None,No
WP_000279414.1,No Hit,No AMR Match,0.0,0.0,-,None,No
WP_000279926.1,No Hit,No AMR Match,0.0,0.0,-,None,No
WP_000280805.1,No Hit,No AMR Match,0.0,0.0,-,None,No
WP_000281658.1,No Hit,No AMR Match,0.0,0.0,-,None,No
WP_000282171.1,No Hit,No AMR Match,0.0,0.0,-,None,No
WP_000282187.1,No Hit,No AMR Match,0.0,0.0,-,None,No
WP_000282305.1,No Hit,No AMR Match,0.0,0.0,-,None,No
WP_000282388.1,No Hit,No AMR Match,0.0,0.0,-,None,No
WP_000283016.1,No Hit,No AMR Match,0.0,0.0,-,None,No
WP_000284431.1,No Hit,No AMR Match,0.0,0.0,-,None,No
WP_000284457.1,No Hit,No AMR Match,0.0,0.0,-,None,No
WP_000284752.1,No Hit,No AMR Match,0.0,0.0,-,None,No
WP_000285014.1,No Hit,No AMR Match,0.0,0.0,-,None,No
WP_000285450.1,No Hit,No AMR Match,0.0,0.0,-,None,No
WP_000286485.1,No Hit,No AMR Match,0.0,0.0,-,None,No
WP_000286875.1,No Hit,No AMR Match,0.0,0.0,-,None,No
WP_000287207.1,No Hit,No AMR Match,0.0,0.0,-,None,No
WP_000287265.1,No Hit,No AMR Match,0.0,0.0,-,None,No
WP_000287588.1,No Hit,No AMR Match,0.0,0.0,-,None,No
WP_000287917.1,No Hit,No AMR Match,0.0,0.0,-,None,No
WP_000289136.1,No Hit,No AMR Match,0.0,0.0,-,None,No
WP_000289213.1,gnl|BL_ORD_ID|133,gb|BAB41874.1|ARO:3000815|mgrA [Staphylococcus aureus subsp. aureus N315] ,34.51,95.95,2.7177e-23,Weak,Possible
WP_000290301.1,No Hit,No AMR Match,0.0,0.0,-,None,No
WP_000290400.1,No Hit,No AMR Match,0.0,0.0,-,None,No
WP_000290472.1,No Hit,No AMR Match,0.0,0.0,-,None,No
WP_000290485.1,No Hit,No AMR Match,0.0,0.0,-,None,No
WP_000290674.1,No Hit,No AMR Match,0.0,0.0,-,None,No
WP_000291415.1,No Hit,No AMR Match,0.0,0.0,-,None,No
WP_000291445.1,No Hit,No AMR Match,0.0,0.0,-,None,No
WP_000291481.1,No Hit,No AMR Match,0.0,0.0,-,None,No
WP_000291513.1,No Hit,No AMR Match,0.0,0.0,-,None,No
WP_000291518.1,No Hit,No AMR Match,0.0,0.0,-,None,No
WP_000291761.1,No Hit,No AMR Match,0.0,0.0,-,None,No
WP_000291842.1,No Hit,No AMR Match,0.0,0.0,-,None,No
WP_000301926.1,No Hit,No AMR Match,0.0,0.0,-,None,No
WP_000312763.1,No Hit,No AMR Match,0.0,0.0,-,None,No
WP_000323167.1,No Hit,No AMR Match,0.0,0.0,-,None,No
WP_000323455.1,No Hit,No AMR Match,0.0,0.0,-,None,No
WP_000331347.1,No Hit,No AMR Match,0.0,0.0,-,None,No
WP_000331763.1,No Hit,No AMR Match,0.0,0.0,-,None,No
WP_000332063.1,gnl|BL_ORD_ID|35,gb|AAL19308.1|ARO:3000504|golS [Salmonella enterica subsp. enterica serovar Typhimurium str. LT2] ,28.68,52.44,8.40917e-10,Weak,Possible
WP_000334465.1,No Hit,No AMR Match,0.0,0.0,-,None,No
WP_000334518.1,No Hit,No AMR Match,0.0,0.0,-,None,No
WP_000335332.1,No Hit,No AMR Match,0.0,0.0,-,None,No
WP_000337364.1,No Hit,No AMR Match,0.0,0.0,-,None,No
WP_000338530.1,No Hit,No AMR Match,0.0,0.0,-,None,No
WP_000339146.1,No Hit,No AMR Match,0.0,0.0,-,None,No
WP_000340118.1,No Hit,No AMR Match,0.0,0.0,-,None,No
WP_000340475.1,No Hit,No AMR Match,0.0,0.0,-,None,No
WP_000342125.1,No Hit,No AMR Match,0.0,0.0,-,None,No
WP_000342185.1,No Hit,No AMR Match,0.0,0.0,-,None,No
WP_000342266.1,No Hit,No AMR Match,0.0,0.0,-,None,No
WP_000344142.1,No Hit,No AMR Match,0.0,0.0,-,None,No
WP_000344337.1,No Hit,No AMR Match,0.0,0.0,-,None,No
WP_000344352.1,No Hit,No AMR Match,0.0,0.0,-,None,No
WP_000347061.1,gnl|BL_ORD_ID|2555,gb|ABO11759.2|ARO:3004573|Abau_AbaF [Acinetobacter baumannii ATCC 17978] ,32.24,91.2,2.32359e-66,Weak,Possible
WP_000347896.1,No Hit,No AMR Match,0.0,0.0,-,None,No
WP_000348300.1,No Hit,No AMR Match,0.0,0.0,-,None,No
WP_000348360.1,gnl|BL_ORD_ID|4721,gb|MCO7070877.1|ARO:3007433|almE [Vibrio cholerae] ,21.81,105.28,2.20688e-09,Weak,Possible
WP_000349655.1,No Hit,No AMR Match,0.0,0.0,-,None,No
WP_000350976.1,No Hit,No AMR Match,0.0,0.0,-,None,No
WP_000351761.1,gnl|BL_ORD_ID|2182,gb|ALH22601.1|ARO:3000620|adeL [Acinetobacter baumannii] ,24.35,39.38,1.76033e-08,Weak,Possible
WP_000353634.1,No Hit,No AMR Match,0.0,0.0,-,None,No
WP_000353955.1,No Hit,No AMR Match,0.0,0.0,-,None,No
WP_000354088.1,No Hit,No AMR Match,0.0,0.0,-,None,No
WP_000354114.1,No Hit,No AMR Match,0.0,0.0,-,None,No
WP_000354184.1,No Hit,No AMR Match,0.0,0.0,-,None,No
WP_000355845.1,No Hit,No AMR Match,0.0,0.0,-,None,No
WP_000356963.1,No Hit,No AMR Match,0.0,0.0,-,None,No
WP_000356975.1,No Hit,No AMR Match,0.0,0.0,-,None,No
WP_000358000.1,gnl|BL_ORD_ID|2212,gb|AAN28945.1|ARO:3003785|Ctra_murA_FOF [Chlamydia trachomatis] ,37.7,103.33,6.52793e-83,Weak,Possible
WP_000358144.1,No Hit,No AMR Match,0.0,0.0,-,None,No
WP_000358311.1,No Hit,No AMR Match,0.0,0.0,-,None,No
WP_000358498.1,No Hit,No AMR Match,0.0,0.0,-,None,No
WP_000359086.1,No Hit,No AMR Match,0.0,0.0,-,None,No
WP_000361544.1,No Hit,No AMR Match,0.0,0.0,-,None,No
WP_000362212.1,No Hit,No AMR Match,0.0,0.0,-,None,No
WP_000362357.1,No Hit,No AMR Match,0.0,0.0,-,None,No
WP_000362503.1,No Hit,No AMR Match,0.0,0.0,-,None,No
WP_000362967.1,No Hit,No AMR Match,0.0,0.0,-,None,No
WP_000364542.1,No Hit,No AMR Match,0.0,0.0,-,None,No
WP_000365049.1,No Hit,No AMR Match,0.0,0.0,-,None,No
WP_000365246.1,No Hit,No AMR Match,0.0,0.0,-,None,No
WP_000365320.1,No Hit,No AMR Match,0.0,0.0,-,None,No
WP_000365354.1,No Hit,No AMR Match,0.0,0.0,-,None,No
WP_000366154.1,No Hit,No AMR Match,0.0,0.0,-,None,No
WP_000367064.1,gnl|BL_ORD_ID|145,gb|ACD35503.1|ARO:3000572|tet(42) [Micrococcus sp. SMCC G887] ,23.39,61.08,5.16829e-07,Weak,Possible
WP_000367419.1,No Hit,No AMR Match,0.0,0.0,-,None,No
WP_000368166.1,No Hit,No AMR Match,0.0,0.0,-,None,No
WP_000368227.1,No Hit,No AMR Match,0.0,0.0,-,None,No
WP_000368341.1,gnl|BL_ORD_ID|1210,gb|CAA79727.1|ARO:3000191|tet(Q) [Bacteroides fragilis] ,25.51,72.32,1.49963e-30,Weak,Possible
WP_000368653.1,No Hit,No AMR Match,0.0,0.0,-,None,No
WP_000368687.1,No Hit,No AMR Match,0.0,0.0,-,None,No
WP_000368849.1,No Hit,No AMR Match,0.0,0.0,-,None,No
WP_000368902.1,No Hit,No AMR Match,0.0,0.0,-,None,No
WP_000369722.1,No Hit,No AMR Match,0.0,0.0,-,None,No
WP_000370124.1,No Hit,No AMR Match,0.0,0.0,-,None,No
WP_000370182.1,No Hit,No AMR Match,0.0,0.0,-,None,No
WP_000370334.1,No Hit,No AMR Match,0.0,0.0,-,None,No
WP_000370924.1,No Hit,No AMR Match,0.0,0.0,-,None,No
WP_000372758.1,gnl|BL_ORD_ID|590,gb|CAA88265.1|ARO:3002898|SAT-3 [Escherichia coli] ,27.37,61.69,6.5277e-06,Weak,Possible
WP_000375476.1,No Hit,No AMR Match,0.0,0.0,-,None,No
WP_000375647.1,No Hit,No AMR Match,0.0,0.0,-,None,No
WP_000375686.1,No Hit,No AMR Match,0.0,0.0,-,None,No
WP_000375864.1,No Hit,No AMR Match,0.0,0.0,-,None,No
WP_000376235.1,gnl|BL_ORD_ID|1216,gb|AAC75731.1|ARO:3000516|emrR [Escherichia coli str. K-12 substr. MG1655] ,28.83,77.08,5.22365e-09,Weak,Possible
WP_000377064.1,No Hit,No AMR Match,0.0,0.0,-,None,No
WP_000379054.1,No Hit,No AMR Match,0.0,0.0,-,None,No
WP_000379098.1,No Hit,No AMR Match,0.0,0.0,-,None,No
WP_000379821.1,No Hit,No AMR Match,0.0,0.0,-,None,No
WP_000379888.1,No Hit,No AMR Match,0.0,0.0,-,None,No
WP_000379978.1,No Hit,No AMR Match,0.0,0.0,-,None,No
WP_000381270.1,gnl|BL_ORD_ID|4472,gb|AGP27106.1|ARO:3007010|norC [Staphylococcus aureus] ,59.4,99.36,0.0,Strong,Yes
WP_000381849.1,No Hit,No AMR Match,0.0,0.0,-,None,No
WP_000382585.1,gnl|BL_ORD_ID|1525,gb|AFK13828.1|ARO:3000823|ramA [Enterobacter cloacae] ,32.98,32.64,1.09693e-10,Weak,Possible
WP_000382904.1,gnl|BL_ORD_ID|314,gb|AAA99504.1|ARO:3002987|bcrA [Bacillus licheniformis] ,37.67,96.54,3.59668e-39,Weak,Possible
WP_000383180.1,No Hit,No AMR Match,0.0,0.0,-,None,No
WP_000383804.1,No Hit,No AMR Match,0.0,0.0,-,None,No
WP_000383814.1,No Hit,No AMR Match,0.0,0.0,-,None,No
WP_000384171.1,No Hit,No AMR Match,0.0,0.0,-,None,No
WP_000384474.1,No Hit,No AMR Match,0.0,0.0,-,None,No
WP_000384523.1,No Hit,No AMR Match,0.0,0.0,-,None,No
WP_000384691.1,gnl|BL_ORD_ID|4508,gb|AEY83581.1|ARO:3000510|Saur_mupB_MUP [Staphylococcus aureus] ,30.8,95.97,1.84514e-117,Weak,Possible
WP_000386366.1,No Hit,No AMR Match,0.0,0.0,-,None,No
WP_000386736.1,No Hit,No AMR Match,0.0,0.0,-,None,No
WP_000386891.1,No Hit,No AMR Match,0.0,0.0,-,None,No
WP_000387527.1,No Hit,No AMR Match,0.0,0.0,-,None,No
WP_000388082.1,No Hit,No AMR Match,0.0,0.0,-,None,No
WP_000389524.1,No Hit,No AMR Match,0.0,0.0,-,None,No
WP_000389662.1,gnl|BL_ORD_ID|2174,gb|ANZ79241.1|ARO:3004036|tetB(60) [uncultured bacterium] ,31.91,87.36,5.10678e-27,Weak,Possible
WP_000389956.1,No Hit,No AMR Match,0.0,0.0,-,None,No
WP_000390328.1,gnl|BL_ORD_ID|148,gb|AAA99931.1|ARO:3003060|tsnR [Streptomyces laurentii] ,25.0,85.48,1.23604e-08,Weak,Possible
WP_000390529.1,No Hit,No AMR Match,0.0,0.0,-,None,No
WP_000390575.1,No Hit,No AMR Match,0.0,0.0,-,None,No
WP_000390829.1,No Hit,No AMR Match,0.0,0.0,-,None,No
WP_000391031.1,No Hit,No AMR Match,0.0,0.0,-,None,No
WP_000392691.1,No Hit,No AMR Match,0.0,0.0,-,None,No
WP_000394698.1,No Hit,No AMR Match,0.0,0.0,-,None,No
WP_000394915.1,No Hit,No AMR Match,0.0,0.0,-,None,No
WP_000395153.1,gnl|BL_ORD_ID|463,gb|AAC60780.1|ARO:3003049|rosB [Yersinia enterocolitica (type O:8)] ,22.14,65.47,2.85346e-06,Weak,Possible
WP_000395498.1,No Hit,No AMR Match,0.0,0.0,-,None,No
WP_000395692.1,No Hit,No AMR Match,0.0,0.0,-,None,No
WP_000396077.1,No Hit,No AMR Match,0.0,0.0,-,None,No
WP_000397416.1,gnl|BL_ORD_ID|786,gb|BAB56495.1|ARO:3000746|mepR [Staphylococcus aureus subsp. aureus Mu50] ,100.0,100.0,4.90375e-102,Strong,Yes
WP_000398672.1,No Hit,No AMR Match,0.0,0.0,-,None,No
WP_000398679.1,No Hit,No AMR Match,0.0,0.0,-,None,No
WP_000398941.1,No Hit,No AMR Match,0.0,0.0,-,None,No
WP_000400032.1,No Hit,No AMR Match,0.0,0.0,-,None,No
WP_000401377.1,No Hit,No AMR Match,0.0,0.0,-,None,No
WP_000401414.1,No Hit,No AMR Match,0.0,0.0,-,None,No
WP_000401977.1,No Hit,No AMR Match,0.0,0.0,-,None,No
WP_000402172.1,No Hit,No AMR Match,0.0,0.0,-,None,No
WP_000402465.1,No Hit,No AMR Match,0.0,0.0,-,None,No
WP_000402605.1,No Hit,No AMR Match,0.0,0.0,-,None,No
WP_000402656.1,No Hit,No AMR Match,0.0,0.0,-,None,No
WP_000402803.1,No Hit,No AMR Match,0.0,0.0,-,None,No
WP_000402904.1,No Hit,No AMR Match,0.0,0.0,-,None,No
WP_000403840.1,No Hit,No AMR Match,0.0,0.0,-,None,No
WP_000403916.1,gnl|BL_ORD_ID|1891,gb|CAA79966.1|ARO:3003665|NmcR [Enterobacter cloacae] ,27.54,46.94,6.35473e-10,Weak,Possible
WP_000404342.1,No Hit,No AMR Match,0.0,0.0,-,None,No
WP_000404422.1,No Hit,No AMR Match,0.0,0.0,-,None,No
WP_000404653.1,No Hit,No AMR Match,0.0,0.0,-,None,No
WP_000406611.1,No Hit,No AMR Match,0.0,0.0,-,None,No
WP_000406842.1,No Hit,No AMR Match,0.0,0.0,-,None,No
WP_000409167.1,No Hit,No AMR Match,0.0,0.0,-,None,No
WP_000410568.1,No Hit,No AMR Match,0.0,0.0,-,None,No
WP_000410720.1,No Hit,No AMR Match,0.0,0.0,-,None,No
WP_000410771.1,No Hit,No AMR Match,0.0,0.0,-,None,No
WP_000411085.1,No Hit,No AMR Match,0.0,0.0,-,None,No
WP_000411299.1,No Hit,No AMR Match,0.0,0.0,-,None,No
WP_000412514.1,No Hit,No AMR Match,0.0,0.0,-,None,No
WP_000413173.1,No Hit,No AMR Match,0.0,0.0,-,None,No
WP_000413437.1,No Hit,No AMR Match,0.0,0.0,-,None,No
WP_000413865.1,gnl|BL_ORD_ID|4551,gb|BAE85481.1|ARO:3003727|vanK_in_vanI_cl [Desulfitobacterium hafniense Y51] ,22.65,80.76,1.24653e-18,Weak,Possible
WP_000414177.1,No Hit,No AMR Match,0.0,0.0,-,None,No
WP_000414205.1,No Hit,No AMR Match,0.0,0.0,-,None,No
WP_000414628.1,No Hit,No AMR Match,0.0,0.0,-,None,No
WP_000414685.1,gnl|BL_ORD_ID|4472,gb|AGP27106.1|ARO:3007010|norC [Staphylococcus aureus] ,70.77,98.27,0.0,Strong,Yes
WP_000415675.1,No Hit,No AMR Match,0.0,0.0,-,None,No
WP_000416756.1,No Hit,No AMR Match,0.0,0.0,-,None,No
WP_000416759.1,No Hit,No AMR Match,0.0,0.0,-,None,No
WP_000417016.1,gnl|BL_ORD_ID|4487,gb|AAA65955.1|ARO:3002942|vanH_in_vanA_cl [Enterococcus faecium] ,33.86,79.18,1.18588e-34,Weak,Possible
WP_000417369.1,No Hit,No AMR Match,0.0,0.0,-,None,No
WP_000421225.1,No Hit,No AMR Match,0.0,0.0,-,None,No
WP_000421410.1,No Hit,No AMR Match,0.0,0.0,-,None,No
WP_000421701.1,No Hit,No AMR Match,0.0,0.0,-,None,No
WP_000422858.1,No Hit,No AMR Match,0.0,0.0,-,None,No
WP_000422909.1,No Hit,No AMR Match,0.0,0.0,-,None,No
WP_000424966.1,No Hit,No AMR Match,0.0,0.0,-,None,No
WP_000425353.1,gnl|BL_ORD_ID|4508,gb|AEY83581.1|ARO:3000510|Saur_mupB_MUP [Staphylococcus aureus] ,23.94,104.91,2.65966e-66,Weak,Possible
WP_000426696.1,No Hit,No AMR Match,0.0,0.0,-,None,No
WP_000426912.1,No Hit,No AMR Match,0.0,0.0,-,None,No
WP_000426914.1,No Hit,No AMR Match,0.0,0.0,-,None,No
WP_000427770.1,gnl|BL_ORD_ID|2174,gb|ANZ79241.1|ARO:3004036|tetB(60) [uncultured bacterium] ,30.0,70.55,1.21682e-21,Weak,Possible
WP_000428172.1,No Hit,No AMR Match,0.0,0.0,-,None,No
WP_000429014.1,No Hit,No AMR Match,0.0,0.0,-,None,No
WP_000429558.1,No Hit,No AMR Match,0.0,0.0,-,None,No
WP_000429674.1,No Hit,No AMR Match,0.0,0.0,-,None,No
WP_000429766.1,No Hit,No AMR Match,0.0,0.0,-,None,No
WP_000431234.1,No Hit,No AMR Match,0.0,0.0,-,None,No
WP_000431307.1,No Hit,No AMR Match,0.0,0.0,-,None,No
WP_000431312.1,No Hit,No AMR Match,0.0,0.0,-,None,No
WP_000432017.1,No Hit,No AMR Match,0.0,0.0,-,None,No
WP_000432077.1,No Hit,No AMR Match,0.0,0.0,-,None,No
WP_000432279.1,No Hit,No AMR Match,0.0,0.0,-,None,No
WP_000432356.1,No Hit,No AMR Match,0.0,0.0,-,None,No
WP_000432907.1,No Hit,No AMR Match,0.0,0.0,-,None,No
WP_000433363.1,No Hit,No AMR Match,0.0,0.0,-,None,No
WP_000433551.1,gnl|BL_ORD_ID|2644,gb|ADZ12699.1|ARO:3005091|RanA [Riemerella anatipestifer RA-GD] ,29.73,71.15,5.37721e-31,Weak,Possible
WP_000434765.1,No Hit,No AMR Match,0.0,0.0,-,None,No
WP_000434933.1,No Hit,No AMR Match,0.0,0.0,-,None,No
WP_000435044.1,No Hit,No AMR Match,0.0,0.0,-,None,No
WP_000435068.1,No Hit,No AMR Match,0.0,0.0,-,None,No
WP_000435108.1,No Hit,No AMR Match,0.0,0.0,-,None,No
WP_000435132.1,No Hit,No AMR Match,0.0,0.0,-,None,No
WP_000435374.1,gnl|BL_ORD_ID|148,gb|AAA99931.1|ARO:3003060|tsnR [Streptomyces laurentii] ,25.41,99.19,6.31393e-15,Weak,Possible
WP_000435806.1,No Hit,No AMR Match,0.0,0.0,-,None,No
WP_000436818.1,No Hit,No AMR Match,0.0,0.0,-,None,No
WP_000437472.1,No Hit,No AMR Match,0.0,0.0,-,None,No
WP_000437967.1,No Hit,No AMR Match,0.0,0.0,-,None,No
WP_000438833.1,No Hit,No AMR Match,0.0,0.0,-,None,No
WP_000439693.1,No Hit,No AMR Match,0.0,0.0,-,None,No
WP_000442480.1,No Hit,No AMR Match,0.0,0.0,-,None,No
WP_000446299.1,No Hit,No AMR Match,0.0,0.0,-,None,No
WP_000446724.1,No Hit,No AMR Match,0.0,0.0,-,None,No
WP_000447678.1,No Hit,No AMR Match,0.0,0.0,-,None,No
WP_000447710.1,No Hit,No AMR Match,0.0,0.0,-,None,No
WP_000447733.1,No Hit,No AMR Match,0.0,0.0,-,None,No
WP_000448078.1,No Hit,No AMR Match,0.0,0.0,-,None,No
WP_000448222.1,No Hit,No AMR Match,0.0,0.0,-,None,No
WP_000448901.1,No Hit,No AMR Match,0.0,0.0,-,None,No
WP_000448934.1,No Hit,No AMR Match,0.0,0.0,-,None,No
WP_000449061.1,No Hit,No AMR Match,0.0,0.0,-,None,No
WP_000449218.1,No Hit,No AMR Match,0.0,0.0,-,None,No
WP_000449655.1,No Hit,No AMR Match,0.0,0.0,-,None,No
WP_000450257.1,No Hit,No AMR Match,0.0,0.0,-,None,No
WP_000450297.1,No Hit,No AMR Match,0.0,0.0,-,None,No
WP_000450553.1,No Hit,No AMR Match,0.0,0.0,-,None,No
WP_000451295.1,No Hit,No AMR Match,0.0,0.0,-,None,No
WP_000451438.1,No Hit,No AMR Match,0.0,0.0,-,None,No
WP_000451837.1,gnl|BL_ORD_ID|1912,gb|AAK37619.1|ARO:3000481|tet(35) [Vibrio harveyi] ,32.84,30.66,4.14245e-07,Weak,Possible
WP_000453320.1,No Hit,No AMR Match,0.0,0.0,-,None,No
WP_000454064.1,gnl|BL_ORD_ID|2554,gb|AWN09461.1|ARO:3004571|PNGM-1 [uncultured bacterium] ,28.87,31.7,4.24794e-06,Weak,Possible
WP_000454413.1,No Hit,No AMR Match,0.0,0.0,-,None,No
WP_000454784.1,No Hit,No AMR Match,0.0,0.0,-,None,No
WP_000455256.1,No Hit,No AMR Match,0.0,0.0,-,None,No
WP_000455597.1,No Hit,No AMR Match,0.0,0.0,-,None,No
WP_000455861.1,No Hit,No AMR Match,0.0,0.0,-,None,No
WP_000455987.1,No Hit,No AMR Match,0.0,0.0,-,None,No
WP_000456139.1,No Hit,No AMR Match,0.0,0.0,-,None,No
WP_000456489.1,No Hit,No AMR Match,0.0,0.0,-,None,No
WP_000457386.1,No Hit,No AMR Match,0.0,0.0,-,None,No
WP_000459057.1,No Hit,No AMR Match,0.0,0.0,-,None,No
WP_000460242.1,No Hit,No AMR Match,0.0,0.0,-,None,No
WP_000460421.1,No Hit,No AMR Match,0.0,0.0,-,None,No
WP_000460983.1,No Hit,No AMR Match,0.0,0.0,-,None,No
WP_000465472.1,gnl|BL_ORD_ID|1944,gb|AJP77071.1|ARO:3003714|PEDO-2 [Pedobacter sp. ALS-14] ,29.55,29.73,4.68396e-06,Weak,Possible
WP_000466748.1,No Hit,No AMR Match,0.0,0.0,-,None,No
WP_000466784.1,No Hit,No AMR Match,0.0,0.0,-,None,No
WP_000467123.1,No Hit,No AMR Match,0.0,0.0,-,None,No
WP_000467652.1,gnl|BL_ORD_ID|2661,gb|AZK52946.1|ARO:3005118|AAC(6')-Ib-cr8 [Salmonella enterica subsp. enterica serovar Derby] ,24.55,92.27,7.96214e-07,Weak,Possible
WP_000467994.1,No Hit,No AMR Match,0.0,0.0,-,None,No
WP_000468384.1,No Hit,No AMR Match,0.0,0.0,-,None,No
WP_000469890.1,gnl|BL_ORD_ID|1668,gb|AAC76093.1|ARO:3002986|bacA [Escherichia coli str. K-12 substr. MG1655] ,45.58,97.25,3.53711e-74,Strong,Yes
WP_000469916.1,No Hit,No AMR Match,0.0,0.0,-,None,No
WP_000469949.1,No Hit,No AMR Match,0.0,0.0,-,None,No
WP_000470336.1,No Hit,No AMR Match,0.0,0.0,-,None,No
WP_000471571.1,No Hit,No AMR Match,0.0,0.0,-,None,No
WP_000472235.1,No Hit,No AMR Match,0.0,0.0,-,None,No
WP_000472256.1,No Hit,No AMR Match,0.0,0.0,-,None,No
WP_000472302.1,No Hit,No AMR Match,0.0,0.0,-,None,No
WP_000472936.1,No Hit,No AMR Match,0.0,0.0,-,None,No
WP_000473596.1,No Hit,No AMR Match,0.0,0.0,-,None,No
WP_000473652.1,No Hit,No AMR Match,0.0,0.0,-,None,No
WP_000473675.1,No Hit,No AMR Match,0.0,0.0,-,None,No
WP_000473705.1,No Hit,No AMR Match,0.0,0.0,-,None,No
WP_000475326.1,No Hit,No AMR Match,0.0,0.0,-,None,No
WP_000475805.1,No Hit,No AMR Match,0.0,0.0,-,None,No
WP_000476873.1,No Hit,No AMR Match,0.0,0.0,-,None,No
WP_000477329.1,gnl|BL_ORD_ID|311,gb|AAD51347.1|ARO:3003067|smeS [Stenotrophomonas maltophilia] ,29.3,59.74,3.33775e-28,Weak,Possible
WP_000477492.1,No Hit,No AMR Match,0.0,0.0,-,None,No
WP_000477504.1,No Hit,No AMR Match,0.0,0.0,-,None,No
WP_000477521.1,gnl|BL_ORD_ID|1264,gb|ATC67679.1|ARO:3000838|arlR [Staphylococcus aureus subsp. aureus str. Newman] ,28.92,65.87,1.5685e-08,Weak,Possible
WP_000477934.1,No Hit,No AMR Match,0.0,0.0,-,None,No
WP_000477959.1,No Hit,No AMR Match,0.0,0.0,-,None,No
WP_000477992.1,No Hit,No AMR Match,0.0,0.0,-,None,No
WP_000479279.1,No Hit,No AMR Match,0.0,0.0,-,None,No
WP_000479576.1,No Hit,No AMR Match,0.0,0.0,-,None,No
WP_000480603.1,No Hit,No AMR Match,0.0,0.0,-,None,No
WP_000480800.1,No Hit,No AMR Match,0.0,0.0,-,None,No
WP_000481425.1,No Hit,No AMR Match,0.0,0.0,-,None,No
WP_000481443.1,No Hit,No AMR Match,0.0,0.0,-,None,No
WP_000482650.1,No Hit,No AMR Match,0.0,0.0,-,None,No
WP_000483049.1,No Hit,No AMR Match,0.0,0.0,-,None,No
WP_000483153.1,No Hit,No AMR Match,0.0,0.0,-,None,No
WP_000483713.1,No Hit,No AMR Match,0.0,0.0,-,None,No
WP_000486494.1,gnl|BL_ORD_ID|1104,gb|AAF67494.2|ARO:3002522|novA [Streptomyces niveus] ,27.58,102.43,7.98491e-87,Weak,Possible
WP_000486816.1,No Hit,No AMR Match,0.0,0.0,-,None,No
WP_000487150.1,No Hit,No AMR Match,0.0,0.0,-,None,No
WP_000491382.1,No Hit,No AMR Match,0.0,0.0,-,None,No
WP_000491755.1,No Hit,No AMR Match,0.0,0.0,-,None,No
WP_000491986.1,No Hit,No AMR Match,0.0,0.0,-,None,No
WP_000492114.1,No Hit,No AMR Match,0.0,0.0,-,None,No
WP_000492284.1,gnl|BL_ORD_ID|1326,gb|AAB28795.1|ARO:3000178|tet(K) [Staphylococcus aureus] ,99.78,100.0,0.0,Strong,Yes
WP_000493892.1,No Hit,No AMR Match,0.0,0.0,-,None,No
WP_000494134.1,No Hit,No AMR Match,0.0,0.0,-,None,No
WP_000494956.1,No Hit,No AMR Match,0.0,0.0,-,None,No
WP_000495498.1,No Hit,No AMR Match,0.0,0.0,-,None,No
WP_000495671.1,No Hit,No AMR Match,0.0,0.0,-,None,No
WP_000496100.1,No Hit,No AMR Match,0.0,0.0,-,None,No
WP_000498572.1,No Hit,No AMR Match,0.0,0.0,-,None,No
WP_000499195.1,No Hit,No AMR Match,0.0,0.0,-,None,No
WP_000499647.1,No Hit,No AMR Match,0.0,0.0,-,None,No
WP_000503581.1,No Hit,No AMR Match,0.0,0.0,-,None,No
WP_000503817.1,No Hit,No AMR Match,0.0,0.0,-,None,No
WP_000504439.1,No Hit,No AMR Match,0.0,0.0,-,None,No
WP_000505015.1,No Hit,No AMR Match,0.0,0.0,-,None,No
WP_000505965.1,No Hit,No AMR Match,0.0,0.0,-,None,No
WP_000506531.1,No Hit,No AMR Match,0.0,0.0,-,None,No
WP_000509668.1,No Hit,No AMR Match,0.0,0.0,-,None,No
WP_000510433.1,No Hit,No AMR Match,0.0,0.0,-,None,No
WP_000511135.1,No Hit,No AMR Match,0.0,0.0,-,None,No
WP_000513308.1,No Hit,No AMR Match,0.0,0.0,-,None,No
WP_000514290.1,No Hit,No AMR Match,0.0,0.0,-,None,No
WP_000514391.1,No Hit,No AMR Match,0.0,0.0,-,None,No
WP_000516261.1,No Hit,No AMR Match,0.0,0.0,-,None,No
WP_000516800.1,No Hit,No AMR Match,0.0,0.0,-,None,No
WP_000517187.1,No Hit,No AMR Match,0.0,0.0,-,None,No
WP_000517908.1,No Hit,No AMR Match,0.0,0.0,-,None,No
WP_000520233.1,No Hit,No AMR Match,0.0,0.0,-,None,No
WP_000521491.1,No Hit,No AMR Match,0.0,0.0,-,None,No
WP_000521533.1,No Hit,No AMR Match,0.0,0.0,-,None,No
WP_000521958.1,No Hit,No AMR Match,0.0,0.0,-,None,No
WP_000522384.1,No Hit,No AMR Match,0.0,0.0,-,None,No
WP_000523151.1,No Hit,No AMR Match,0.0,0.0,-,None,No
WP_000523665.1,No Hit,No AMR Match,0.0,0.0,-,None,No
WP_000524836.1,gnl|BL_ORD_ID|314,gb|AAA99504.1|ARO:3002987|bcrA [Bacillus licheniformis] ,32.14,103.01,9.95247e-39,Weak,Possible
WP_000524902.1,No Hit,No AMR Match,0.0,0.0,-,None,No
WP_000525001.1,No Hit,No AMR Match,0.0,0.0,-,None,No
WP_000525078.1,No Hit,No AMR Match,0.0,0.0,-,None,No
WP_000525112.1,gnl|BL_ORD_ID|2101,gb|APB03219.1|ARO:3003986|TaeA [Paenibacillus sp. LC231] ,39.29,102.71,1.48519e-163,Weak,Possible
WP_000526539.1,No Hit,No AMR Match,0.0,0.0,-,None,No
WP_000526687.1,No Hit,No AMR Match,0.0,0.0,-,None,No
WP_000527296.1,No Hit,No AMR Match,0.0,0.0,-,None,No
WP_000528512.1,No Hit,No AMR Match,0.0,0.0,-,None,No
WP_000528923.1,No Hit,No AMR Match,0.0,0.0,-,None,No
WP_000529138.1,No Hit,No AMR Match,0.0,0.0,-,None,No
WP_000529877.1,No Hit,No AMR Match,0.0,0.0,-,None,No
WP_000531320.1,No Hit,No AMR Match,0.0,0.0,-,None,No
WP_000531476.1,No Hit,No AMR Match,0.0,0.0,-,None,No
WP_000531823.1,No Hit,No AMR Match,0.0,0.0,-,None,No
WP_000532966.1,No Hit,No AMR Match,0.0,0.0,-,None,No
WP_000533238.1,No Hit,No AMR Match,0.0,0.0,-,None,No
WP_000533485.1,No Hit,No AMR Match,0.0,0.0,-,None,No
WP_000534425.1,No Hit,No AMR Match,0.0,0.0,-,None,No
WP_000535834.1,gnl|BL_ORD_ID|2125,gb|SOX29786.1|ARO:3004730|tva(A) [Brachyspira hyodysenteriae] ,24.1,38.61,6.2984e-06,Weak,Possible
WP_000536961.1,No Hit,No AMR Match,0.0,0.0,-,None,No
WP_000538141.1,No Hit,No AMR Match,0.0,0.0,-,None,No
WP_000538766.1,No Hit,No AMR Match,0.0,0.0,-,None,No
WP_000539688.1,No Hit,No AMR Match,0.0,0.0,-,None,No
WP_000542274.1,No Hit,No AMR Match,0.0,0.0,-,None,No
WP_000542309.1,No Hit,No AMR Match,0.0,0.0,-,None,No
WP_000543163.1,No Hit,No AMR Match,0.0,0.0,-,None,No
WP_000544969.1,No Hit,No AMR Match,0.0,0.0,-,None,No
WP_000545115.1,No Hit,No AMR Match,0.0,0.0,-,None,No
WP_000545370.1,No Hit,No AMR Match,0.0,0.0,-,None,No
WP_000545451.1,No Hit,No AMR Match,0.0,0.0,-,None,No
WP_000545928.1,No Hit,No AMR Match,0.0,0.0,-,None,No
WP_000546584.1,No Hit,No AMR Match,0.0,0.0,-,None,No
WP_000547687.1,No Hit,No AMR Match,0.0,0.0,-,None,No
WP_000547794.1,No Hit,No AMR Match,0.0,0.0,-,None,No
WP_000547833.1,No Hit,No AMR Match,0.0,0.0,-,None,No
WP_000547905.1,No Hit,No AMR Match,0.0,0.0,-,None,No
WP_000548707.1,No Hit,No AMR Match,0.0,0.0,-,None,No
WP_000548781.1,No Hit,No AMR Match,0.0,0.0,-,None,No
WP_000548932.1,No Hit,No AMR Match,0.0,0.0,-,None,No
WP_000549207.1,No Hit,No AMR Match,0.0,0.0,-,None,No
WP_000549223.1,No Hit,No AMR Match,0.0,0.0,-,None,No
WP_000549278.1,No Hit,No AMR Match,0.0,0.0,-,None,No
WP_000549548.1,No Hit,No AMR Match,0.0,0.0,-,None,No
WP_000549734.1,No Hit,No AMR Match,0.0,0.0,-,None,No
WP_000551283.1,No Hit,No AMR Match,0.0,0.0,-,None,No
WP_000551362.1,No Hit,No AMR Match,0.0,0.0,-,None,No
WP_000551762.1,No Hit,No AMR Match,0.0,0.0,-,None,No
WP_000551776.1,No Hit,No AMR Match,0.0,0.0,-,None,No
WP_000553926.1,No Hit,No AMR Match,0.0,0.0,-,None,No
WP_000554504.1,No Hit,No AMR Match,0.0,0.0,-,None,No
WP_000556760.1,No Hit,No AMR Match,0.0,0.0,-,None,No
WP_000558769.1,No Hit,No AMR Match,0.0,0.0,-,None,No
WP_000558975.1,No Hit,No AMR Match,0.0,0.0,-,None,No
WP_000559156.1,No Hit,No AMR Match,0.0,0.0,-,None,No
WP_000560841.1,No Hit,No AMR Match,0.0,0.0,-,None,No
WP_000561358.1,No Hit,No AMR Match,0.0,0.0,-,None,No
WP_000562498.1,No Hit,No AMR Match,0.0,0.0,-,None,No
WP_000564316.1,No Hit,No AMR Match,0.0,0.0,-,None,No
WP_000565255.1,No Hit,No AMR Match,0.0,0.0,-,None,No
WP_000565302.1,No Hit,No AMR Match,0.0,0.0,-,None,No
WP_000565310.1,No Hit,No AMR Match,0.0,0.0,-,None,No
WP_000565500.1,No Hit,No AMR Match,0.0,0.0,-,None,No
WP_000565820.1,No Hit,No AMR Match,0.0,0.0,-,None,No
WP_000566596.1,No Hit,No AMR Match,0.0,0.0,-,None,No
WP_000566649.1,No Hit,No AMR Match,0.0,0.0,-,None,No
WP_000566670.1,No Hit,No AMR Match,0.0,0.0,-,None,No
WP_000567028.1,No Hit,No AMR Match,0.0,0.0,-,None,No
WP_000567394.1,No Hit,No AMR Match,0.0,0.0,-,None,No
WP_000568353.1,No Hit,No AMR Match,0.0,0.0,-,None,No
WP_000569120.1,No Hit,No AMR Match,0.0,0.0,-,None,No
WP_000569286.1,gnl|BL_ORD_ID|2644,gb|ADZ12699.1|ARO:3005091|RanA [Riemerella anatipestifer RA-GD] ,34.86,63.93,1.64502e-40,Weak,Possible
WP_000569649.1,No Hit,No AMR Match,0.0,0.0,-,None,No
WP_000569884.1,No Hit,No AMR Match,0.0,0.0,-,None,No
WP_000570071.1,gnl|BL_ORD_ID|314,gb|AAA99504.1|ARO:3002987|bcrA [Bacillus licheniformis] ,29.17,98.63,8.87681e-23,Weak,Possible
WP_000570699.1,No Hit,No AMR Match,0.0,0.0,-,None,No
WP_000570808.1,No Hit,No AMR Match,0.0,0.0,-,None,No
WP_000571178.1,gnl|BL_ORD_ID|443,gb|AAV85982.1|ARO:3000535|macB [Neisseria gonorrhoeae] ,31.78,100.47,4.78934e-31,Weak,Possible
WP_000571218.1,gnl|BL_ORD_ID|2644,gb|ADZ12699.1|ARO:3005091|RanA [Riemerella anatipestifer RA-GD] ,31.65,63.93,1.43935e-35,Weak,Possible
WP_000571258.1,gnl|BL_ORD_ID|2125,gb|SOX29786.1|ARO:3004730|tva(A) [Brachyspira hyodysenteriae] ,28.43,87.55,1.6394e-20,Weak,Possible
WP_000571549.1,No Hit,No AMR Match,0.0,0.0,-,None,No
WP_000571584.1,No Hit,No AMR Match,0.0,0.0,-,None,No
WP_000571736.1,No Hit,No AMR Match,0.0,0.0,-,None,No
WP_000572040.1,No Hit,No AMR Match,0.0,0.0,-,None,No
WP_000572236.1,No Hit,No AMR Match,0.0,0.0,-,None,No
WP_000572878.1,No Hit,No AMR Match,0.0,0.0,-,None,No
WP_000573079.1,No Hit,No AMR Match,0.0,0.0,-,None,No
WP_000573242.1,No Hit,No AMR Match,0.0,0.0,-,None,No
WP_000578458.1,No Hit,No AMR Match,0.0,0.0,-,None,No
WP_000579275.1,No Hit,No AMR Match,0.0,0.0,-,None,No
WP_000579564.1,gnl|BL_ORD_ID|4791,gb|WKR28567.1|ARO:3007678|IreK [Enterococcus faecalis] ,38.05,88.25,2.22313e-113,Weak,Possible
WP_000580198.1,No Hit,No AMR Match,0.0,0.0,-,None,No
WP_000581077.1,No Hit,No AMR Match,0.0,0.0,-,None,No
WP_000581200.1,No Hit,No AMR Match,0.0,0.0,-,None,No
WP_000581552.1,No Hit,No AMR Match,0.0,0.0,-,None,No
WP_000581792.1,No Hit,No AMR Match,0.0,0.0,-,None,No
WP_000581889.1,No Hit,No AMR Match,0.0,0.0,-,None,No
WP_000582165.1,No Hit,No AMR Match,0.0,0.0,-,None,No
WP_000582332.1,No Hit,No AMR Match,0.0,0.0,-,None,No
WP_000583198.1,No Hit,No AMR Match,0.0,0.0,-,None,No
WP_000584398.1,No Hit,No AMR Match,0.0,0.0,-,None,No
WP_000584502.1,No Hit,No AMR Match,0.0,0.0,-,None,No
WP_000584648.1,No Hit,No AMR Match,0.0,0.0,-,None,No
WP_000584765.1,No Hit,No AMR Match,0.0,0.0,-,None,No
WP_000586140.1,No Hit,No AMR Match,0.0,0.0,-,None,No
WP_000586232.1,No Hit,No AMR Match,0.0,0.0,-,None,No
WP_000586392.1,No Hit,No AMR Match,0.0,0.0,-,None,No
WP_000587616.1,No Hit,No AMR Match,0.0,0.0,-,None,No
WP_000587958.1,No Hit,No AMR Match,0.0,0.0,-,None,No
WP_000588527.1,No Hit,No AMR Match,0.0,0.0,-,None,No
WP_000589167.1,No Hit,No AMR Match,0.0,0.0,-,None,No
WP_000589260.1,gnl|BL_ORD_ID|314,gb|AAA99504.1|ARO:3002987|bcrA [Bacillus licheniformis] ,30.28,67.08,5.04299e-27,Weak,Possible
WP_000589549.1,No Hit,No AMR Match,0.0,0.0,-,None,No
WP_000590122.1,No Hit,No AMR Match,0.0,0.0,-,None,No
WP_000590451.1,No Hit,No AMR Match,0.0,0.0,-,None,No
WP_000590517.1,gnl|BL_ORD_ID|2644,gb|ADZ12699.1|ARO:3005091|RanA [Riemerella anatipestifer RA-GD] ,28.92,100.0,2.20687e-23,Weak,Possible
WP_000590798.1,No Hit,No AMR Match,0.0,0.0,-,None,No
WP_000590809.1,gnl|BL_ORD_ID|443,gb|AAV85982.1|ARO:3000535|macB [Neisseria gonorrhoeae] ,37.5,93.33,5.76022e-39,Weak,Possible
WP_000590826.1,No Hit,No AMR Match,0.0,0.0,-,None,No
WP_000590850.1,gnl|BL_ORD_ID|443,gb|AAV85982.1|ARO:3000535|macB [Neisseria gonorrhoeae] ,32.84,81.71,1.67176e-25,Weak,Possible
WP_000591622.1,No Hit,No AMR Match,0.0,0.0,-,None,No
WP_000591749.1,No Hit,No AMR Match,0.0,0.0,-,None,No
WP_000592150.1,No Hit,No AMR Match,0.0,0.0,-,None,No
WP_000592202.1,No Hit,No AMR Match,0.0,0.0,-,None,No
WP_000592207.1,No Hit,No AMR Match,0.0,0.0,-,None,No
WP_000592303.1,gnl|BL_ORD_ID|2226,gb|AAG05914.1|ARO:3004075|MuxC [Pseudomonas aeruginosa PAO1] ,24.78,98.67,1.5375e-82,Weak,Possible
WP_000593153.1,No Hit,No AMR Match,0.0,0.0,-,None,No
WP_000593192.1,No Hit,No AMR Match,0.0,0.0,-,None,No
WP_000593367.1,No Hit,No AMR Match,0.0,0.0,-,None,No
WP_000593417.1,No Hit,No AMR Match,0.0,0.0,-,None,No
WP_000593436.1,gnl|BL_ORD_ID|2113,gb|APB03214.1|ARO:3003980|tetA(58) [Paenibacillus sp. LC231] ,25.42,99.01,7.96751e-25,Weak,Possible
WP_000594519.1,No Hit,No AMR Match,0.0,0.0,-,None,No
WP_000594530.1,No Hit,No AMR Match,0.0,0.0,-,None,No
WP_000594815.1,No Hit,No AMR Match,0.0,0.0,-,None,No
WP_000594959.1,No Hit,No AMR Match,0.0,0.0,-,None,No
WP_000594993.1,No Hit,No AMR Match,0.0,0.0,-,None,No
WP_000595263.1,No Hit,No AMR Match,0.0,0.0,-,None,No
WP_000595265.1,No Hit,No AMR Match,0.0,0.0,-,None,No
WP_000595298.1,No Hit,No AMR Match,0.0,0.0,-,None,No
WP_000595324.1,No Hit,No AMR Match,0.0,0.0,-,None,No
WP_000597212.1,No Hit,No AMR Match,0.0,0.0,-,None,No
WP_000597238.1,gnl|BL_ORD_ID|2058,gb|AAC74000.1|ARO:3003950|msbA [Escherichia coli str. K-12 substr. MG1655] ,35.83,87.89,4.78287e-110,Weak,Possible
WP_000597335.1,No Hit,No AMR Match,0.0,0.0,-,None,No
WP_000598444.1,No Hit,No AMR Match,0.0,0.0,-,None,No
WP_000598483.1,No Hit,No AMR Match,0.0,0.0,-,None,No
WP_000599587.1,No Hit,No AMR Match,0.0,0.0,-,None,No
WP_000600392.1,No Hit,No AMR Match,0.0,0.0,-,None,No
WP_000600812.1,No Hit,No AMR Match,0.0,0.0,-,None,No
WP_000600967.1,No Hit,No AMR Match,0.0,0.0,-,None,No
WP_000601724.1,No Hit,No AMR Match,0.0,0.0,-,None,No
WP_000602049.1,gnl|BL_ORD_ID|1980,gb|AKA86814.1|ARO:3003746|optrA [Enterococcus faecalis] ,35.11,99.38,1.46215e-127,Weak,Possible
WP_000602211.1,No Hit,No AMR Match,0.0,0.0,-,None,No
WP_000602937.1,No Hit,No AMR Match,0.0,0.0,-,None,No
WP_000603480.1,No Hit,No AMR Match,0.0,0.0,-,None,No
WP_000603755.1,No Hit,No AMR Match,0.0,0.0,-,None,No
WP_000603968.1,No Hit,No AMR Match,0.0,0.0,-,None,No
WP_000604135.1,No Hit,No AMR Match,0.0,0.0,-,None,No
WP_000604514.1,No Hit,No AMR Match,0.0,0.0,-,None,No
WP_000604728.1,No Hit,No AMR Match,0.0,0.0,-,None,No
WP_000604817.1,No Hit,No AMR Match,0.0,0.0,-,None,No
WP_000605282.1,gnl|BL_ORD_ID|4721,gb|MCO7070877.1|ARO:3007433|almE [Vibrio cholerae] ,29.33,14.97,3.6631e-30,Weak,Possible
WP_000606210.1,No Hit,No AMR Match,0.0,0.0,-,None,No
WP_000606324.1,No Hit,No AMR Match,0.0,0.0,-,None,No
WP_000606480.1,No Hit,No AMR Match,0.0,0.0,-,None,No
WP_000606546.1,No Hit,No AMR Match,0.0,0.0,-,None,No
WP_000606676.1,No Hit,No AMR Match,0.0,0.0,-,None,No
WP_000606726.1,No Hit,No AMR Match,0.0,0.0,-,None,No
WP_000606768.1,No Hit,No AMR Match,0.0,0.0,-,None,No
WP_000606890.1,No Hit,No AMR Match,0.0,0.0,-,None,No
WP_000607067.1,No Hit,No AMR Match,0.0,0.0,-,None,No
WP_000608129.1,No Hit,No AMR Match,0.0,0.0,-,None,No
WP_000608275.1,No Hit,No AMR Match,0.0,0.0,-,None,No
WP_000608440.1,No Hit,No AMR Match,0.0,0.0,-,None,No
WP_000608523.1,No Hit,No AMR Match,0.0,0.0,-,None,No
WP_000608826.1,No Hit,No AMR Match,0.0,0.0,-,None,No
WP_000608862.1,No Hit,No AMR Match,0.0,0.0,-,None,No
WP_000608970.1,No Hit,No AMR Match,0.0,0.0,-,None,No
WP_000609348.1,No Hit,No AMR Match,0.0,0.0,-,None,No
WP_000610051.1,gnl|BL_ORD_ID|1910,gb|AAK99679.1|ARO:3000822|pmrA [Streptococcus pneumoniae R6] ,33.71,42.58,3.21171e-30,Weak,Possible
WP_000610189.1,No Hit,No AMR Match,0.0,0.0,-,None,No
WP_000610203.1,No Hit,No AMR Match,0.0,0.0,-,None,No
WP_000610319.1,No Hit,No AMR Match,0.0,0.0,-,None,No
WP_000610884.1,gnl|BL_ORD_ID|442,gb|AAD22144.1|ARO:3002698|cmlB [Klebsiella aerogenes] ,22.1,95.87,1.91257e-09,Weak,Possible
WP_000610978.1,No Hit,No AMR Match,0.0,0.0,-,None,No
WP_000611462.1,No Hit,No AMR Match,0.0,0.0,-,None,No
WP_000611512.1,No Hit,No AMR Match,0.0,0.0,-,None,No
WP_000612128.1,No Hit,No AMR Match,0.0,0.0,-,None,No
WP_000613248.1,No Hit,No AMR Match,0.0,0.0,-,None,No
WP_000613541.1,No Hit,No AMR Match,0.0,0.0,-,None,No
WP_000613716.1,No Hit,No AMR Match,0.0,0.0,-,None,No
WP_000613733.1,No Hit,No AMR Match,0.0,0.0,-,None,No
WP_000614712.1,No Hit,No AMR Match,0.0,0.0,-,None,No
WP_000615461.1,gnl|BL_ORD_ID|2644,gb|ADZ12699.1|ARO:3005091|RanA [Riemerella anatipestifer RA-GD] ,34.45,97.94,7.73469e-42,Weak,Possible
WP_000615921.1,No Hit,No AMR Match,0.0,0.0,-,None,No
WP_000616227.1,No Hit,No AMR Match,0.0,0.0,-,None,No
WP_000616642.1,No Hit,No AMR Match,0.0,0.0,-,None,No
WP_000616784.1,No Hit,No AMR Match,0.0,0.0,-,None,No
WP_000616842.1,gnl|BL_ORD_ID|2644,gb|ADZ12699.1|ARO:3005091|RanA [Riemerella anatipestifer RA-GD] ,25.76,90.51,1.91545e-21,Weak,Possible
WP_000616888.1,No Hit,No AMR Match,0.0,0.0,-,None,No
WP_000617735.1,No Hit,No AMR Match,0.0,0.0,-,None,No
WP_000619366.1,No Hit,No AMR Match,0.0,0.0,-,None,No
WP_000620194.1,No Hit,No AMR Match,0.0,0.0,-,None,No
WP_000620864.1,No Hit,No AMR Match,0.0,0.0,-,None,No
WP_000620953.1,No Hit,No AMR Match,0.0,0.0,-,None,No
WP_000621175.1,No Hit,No AMR Match,0.0,0.0,-,None,No
WP_000621532.1,No Hit,No AMR Match,0.0,0.0,-,None,No
WP_000621927.1,No Hit,No AMR Match,0.0,0.0,-,None,No
WP_000622700.1,No Hit,No AMR Match,0.0,0.0,-,None,No
WP_000623452.1,No Hit,No AMR Match,0.0,0.0,-,None,No
WP_000623471.1,gnl|BL_ORD_ID|2617,gb|CCN31428.1|ARO:3005049|CrcB [Klebsiella pneumoniae subsp. pneumoniae Ecl8] ,28.45,99.15,6.37125e-10,Weak,Possible
WP_000623881.1,No Hit,No AMR Match,0.0,0.0,-,None,No
WP_000623903.1,No Hit,No AMR Match,0.0,0.0,-,None,No
WP_000624584.1,No Hit,No AMR Match,0.0,0.0,-,None,No
WP_000624945.1,No Hit,No AMR Match,0.0,0.0,-,None,No
WP_000625059.1,No Hit,No AMR Match,0.0,0.0,-,None,No
WP_000625088.1,No Hit,No AMR Match,0.0,0.0,-,None,No
WP_000625882.1,No Hit,No AMR Match,0.0,0.0,-,None,No
WP_000626074.1,No Hit,No AMR Match,0.0,0.0,-,None,No
WP_000626504.1,No Hit,No AMR Match,0.0,0.0,-,None,No
WP_000626897.1,gnl|BL_ORD_ID|2271,gb|CAL84423.1|ARO:3004146|cfrC [Clostridium botulinum A str. ATCC 3502] ,36.65,88.46,1.96075e-64,Weak,Possible
WP_000627140.1,No Hit,No AMR Match,0.0,0.0,-,None,No
WP_000627551.1,No Hit,No AMR Match,0.0,0.0,-,None,No
WP_000628050.1,No Hit,No AMR Match,0.0,0.0,-,None,No
WP_000631963.1,No Hit,No AMR Match,0.0,0.0,-,None,No
WP_000633068.1,No Hit,No AMR Match,0.0,0.0,-,None,No
WP_000633692.1,No Hit,No AMR Match,0.0,0.0,-,None,No
WP_000633782.1,No Hit,No AMR Match,0.0,0.0,-,None,No
WP_000634105.1,No Hit,No AMR Match,0.0,0.0,-,None,No
WP_000634175.1,No Hit,No AMR Match,0.0,0.0,-,None,No
WP_000634589.1,No Hit,No AMR Match,0.0,0.0,-,None,No
WP_000634685.1,No Hit,No AMR Match,0.0,0.0,-,None,No
WP_000635623.1,No Hit,No AMR Match,0.0,0.0,-,None,No
WP_000636142.1,No Hit,No AMR Match,0.0,0.0,-,None,No
WP_000636857.1,gnl|BL_ORD_ID|4476,gb|WP_042355600.1|ARO:3007012|sepA [Staphylococcus] ,96.82,100.0,3.21079e-108,Strong,Yes
WP_000637687.1,No Hit,No AMR Match,0.0,0.0,-,None,No
WP_000638419.1,No Hit,No AMR Match,0.0,0.0,-,None,No
WP_000638456.1,No Hit,No AMR Match,0.0,0.0,-,None,No
WP_000638475.1,No Hit,No AMR Match,0.0,0.0,-,None,No
WP_000638613.1,No Hit,No AMR Match,0.0,0.0,-,None,No
WP_000638870.1,No Hit,No AMR Match,0.0,0.0,-,None,No
WP_000639183.1,No Hit,No AMR Match,0.0,0.0,-,None,No
WP_000640266.1,No Hit,No AMR Match,0.0,0.0,-,None,No
WP_000640487.1,No Hit,No AMR Match,0.0,0.0,-,None,No
WP_000640743.1,No Hit,No AMR Match,0.0,0.0,-,None,No
WP_000642728.1,No Hit,No AMR Match,0.0,0.0,-,None,No
WP_000643615.1,No Hit,No AMR Match,0.0,0.0,-,None,No
WP_000643988.1,No Hit,No AMR Match,0.0,0.0,-,None,No
WP_000644391.1,No Hit,No AMR Match,0.0,0.0,-,None,No
WP_000644737.1,No Hit,No AMR Match,0.0,0.0,-,None,No
WP_000645048.1,No Hit,No AMR Match,0.0,0.0,-,None,No
WP_000645452.1,gnl|BL_ORD_ID|2002,gb|AAC73788.1|ARO:3003841|kdpE [Escherichia coli str. K-12 substr. MG1655] ,31.45,50.41,1.39943e-09,Weak,Possible
WP_000645604.1,No Hit,No AMR Match,0.0,0.0,-,None,No
WP_000645727.1,No Hit,No AMR Match,0.0,0.0,-,None,No
WP_000645780.1,No Hit,No AMR Match,0.0,0.0,-,None,No
WP_000646208.1,No Hit,No AMR Match,0.0,0.0,-,None,No
WP_000646227.1,No Hit,No AMR Match,0.0,0.0,-,None,No
WP_000648118.1,No Hit,No AMR Match,0.0,0.0,-,None,No
WP_000648617.1,No Hit,No AMR Match,0.0,0.0,-,None,No
WP_000648718.1,No Hit,No AMR Match,0.0,0.0,-,None,No
WP_000649608.1,No Hit,No AMR Match,0.0,0.0,-,None,No
WP_000649791.1,No Hit,No AMR Match,0.0,0.0,-,None,No
WP_000649907.1,No Hit,No AMR Match,0.0,0.0,-,None,No
WP_000650082.1,No Hit,No AMR Match,0.0,0.0,-,None,No
WP_000651060.1,gnl|BL_ORD_ID|342,gb|AAU95768.1|ARO:3000026|mepA [Staphylococcus aureus] ,100.0,100.0,0.0,Strong,Yes
WP_000651160.1,No Hit,No AMR Match,0.0,0.0,-,None,No
WP_000651837.1,No Hit,No AMR Match,0.0,0.0,-,None,No
WP_000652047.1,No Hit,No AMR Match,0.0,0.0,-,None,No
WP_000653261.1,gnl|BL_ORD_ID|598,gb|AAC76296.1|ARO:3000656|AcrS [Escherichia coli str. K-12 substr. MG1655] ,34.04,25.27,7.93445e-08,Weak,Possible
WP_000654030.1,No Hit,No AMR Match,0.0,0.0,-,None,No
WP_000654061.1,No Hit,No AMR Match,0.0,0.0,-,None,No
WP_000654185.1,No Hit,No AMR Match,0.0,0.0,-,None,No
WP_000655099.1,No Hit,No AMR Match,0.0,0.0,-,None,No
WP_000655244.1,No Hit,No AMR Match,0.0,0.0,-,None,No
WP_000655666.1,No Hit,No AMR Match,0.0,0.0,-,None,No
WP_000655692.1,No Hit,No AMR Match,0.0,0.0,-,None,No
WP_000655864.1,No Hit,No AMR Match,0.0,0.0,-,None,No
WP_000655875.1,No Hit,No AMR Match,0.0,0.0,-,None,No
WP_000655971.1,No Hit,No AMR Match,0.0,0.0,-,None,No
WP_000656771.1,No Hit,No AMR Match,0.0,0.0,-,None,No
WP_000657538.1,No Hit,No AMR Match,0.0,0.0,-,None,No
WP_000659317.1,No Hit,No AMR Match,0.0,0.0,-,None,No
WP_000659675.1,No Hit,No AMR Match,0.0,0.0,-,None,No
WP_000659770.1,No Hit,No AMR Match,0.0,0.0,-,None,No
WP_000660034.1,No Hit,No AMR Match,0.0,0.0,-,None,No
WP_000660045.1,No Hit,No AMR Match,0.0,0.0,-,None,No
WP_000660709.1,gnl|BL_ORD_ID|2556,gb|ACJ41547.2|ARO:3004574|Abau_AbaQ [Acinetobacter baumannii AB0057] ,27.13,58.12,1.28625e-19,Weak,Possible
WP_000661906.1,No Hit,No AMR Match,0.0,0.0,-,None,No
WP_000662031.1,No Hit,No AMR Match,0.0,0.0,-,None,No
WP_000662675.1,gnl|BL_ORD_ID|443,gb|AAV85982.1|ARO:3000535|macB [Neisseria gonorrhoeae] ,31.96,10.23,5.18443e-06,Weak,Possible
WP_000663030.1,No Hit,No AMR Match,0.0,0.0,-,None,No
WP_000664394.1,No Hit,No AMR Match,0.0,0.0,-,None,No
WP_000664727.1,No Hit,No AMR Match,0.0,0.0,-,None,No
WP_000664738.1,No Hit,No AMR Match,0.0,0.0,-,None,No
WP_000664764.1,No Hit,No AMR Match,0.0,0.0,-,None,No
WP_000665238.1,No Hit,No AMR Match,0.0,0.0,-,None,No
WP_000665736.1,No Hit,No AMR Match,0.0,0.0,-,None,No
WP_000666761.1,No Hit,No AMR Match,0.0,0.0,-,None,No
WP_000666799.1,No Hit,No AMR Match,0.0,0.0,-,None,No
WP_000667097.1,No Hit,No AMR Match,0.0,0.0,-,None,No
WP_000667126.1,No Hit,No AMR Match,0.0,0.0,-,None,No
WP_000667275.1,No Hit,No AMR Match,0.0,0.0,-,None,No
WP_000667382.1,No Hit,No AMR Match,0.0,0.0,-,None,No
WP_000668180.1,No Hit,No AMR Match,0.0,0.0,-,None,No
WP_000668339.1,No Hit,No AMR Match,0.0,0.0,-,None,No
WP_000668623.1,No Hit,No AMR Match,0.0,0.0,-,None,No
WP_000668820.1,No Hit,No AMR Match,0.0,0.0,-,None,No
WP_000668894.1,No Hit,No AMR Match,0.0,0.0,-,None,No
WP_000669005.1,No Hit,No AMR Match,0.0,0.0,-,None,No
WP_000669376.1,No Hit,No AMR Match,0.0,0.0,-,None,No
WP_000669519.1,No Hit,No AMR Match,0.0,0.0,-,None,No
WP_000669537.1,No Hit,No AMR Match,0.0,0.0,-,None,No
WP_000669653.1,No Hit,No AMR Match,0.0,0.0,-,None,No
WP_000669789.1,No Hit,No AMR Match,0.0,0.0,-,None,No
WP_000669862.1,No Hit,No AMR Match,0.0,0.0,-,None,No
WP_000669939.1,No Hit,No AMR Match,0.0,0.0,-,None,No
WP_000670313.1,No Hit,No AMR Match,0.0,0.0,-,None,No
WP_000670752.1,No Hit,No AMR Match,0.0,0.0,-,None,No
WP_000670950.1,No Hit,No AMR Match,0.0,0.0,-,None,No
WP_000671052.1,No Hit,No AMR Match,0.0,0.0,-,None,No
WP_000671099.1,No Hit,No AMR Match,0.0,0.0,-,None,No
WP_000671243.1,gnl|BL_ORD_ID|2940,gb|WP_032644152.1|ARO:3006248|ACT-53 [Enterobacter cloacae complex] ,26.09,40.55,5.32104e-09,Weak,Possible
WP_000671712.1,No Hit,No AMR Match,0.0,0.0,-,None,No
WP_000671751.1,No Hit,No AMR Match,0.0,0.0,-,None,No
WP_000672014.1,No Hit,No AMR Match,0.0,0.0,-,None,No
WP_000672038.1,No Hit,No AMR Match,0.0,0.0,-,None,No
WP_000672039.1,No Hit,No AMR Match,0.0,0.0,-,None,No
WP_000672867.1,gnl|BL_ORD_ID|4551,gb|BAE85481.1|ARO:3003727|vanK_in_vanI_cl [Desulfitobacterium hafniense Y51] ,19.35,97.34,1.00215e-14,Weak,Possible
WP_000673051.1,No Hit,No AMR Match,0.0,0.0,-,None,No
WP_000673098.1,gnl|BL_ORD_ID|4551,gb|BAE85481.1|ARO:3003727|vanK_in_vanI_cl [Desulfitobacterium hafniense Y51] ,22.45,103.1,3.42272e-17,Weak,Possible
WP_000673114.1,No Hit,No AMR Match,0.0,0.0,-,None,No
WP_000673309.1,gnl|BL_ORD_ID|4551,gb|BAE85481.1|ARO:3003727|vanK_in_vanI_cl [Desulfitobacterium hafniense Y51] ,24.37,56.67,7.13673e-09,Weak,Possible
WP_000673479.1,No Hit,No AMR Match,0.0,0.0,-,None,No
WP_000675401.1,No Hit,No AMR Match,0.0,0.0,-,None,No
WP_000676548.1,No Hit,No AMR Match,0.0,0.0,-,None,No
WP_000677261.1,No Hit,No AMR Match,0.0,0.0,-,None,No
WP_000677714.1,No Hit,No AMR Match,0.0,0.0,-,None,No
WP_000678232.1,No Hit,No AMR Match,0.0,0.0,-,None,No
WP_000678764.1,No Hit,No AMR Match,0.0,0.0,-,None,No
WP_000680733.1,No Hit,No AMR Match,0.0,0.0,-,None,No
WP_000680947.1,No Hit,No AMR Match,0.0,0.0,-,None,No
WP_000681154.1,No Hit,No AMR Match,0.0,0.0,-,None,No
WP_000681756.1,No Hit,No AMR Match,0.0,0.0,-,None,No
WP_000681968.1,No Hit,No AMR Match,0.0,0.0,-,None,No
WP_000682089.1,No Hit,No AMR Match,0.0,0.0,-,None,No
WP_000682611.1,No Hit,No AMR Match,0.0,0.0,-,None,No
WP_000682646.1,No Hit,No AMR Match,0.0,0.0,-,None,No
WP_000683699.1,No Hit,No AMR Match,0.0,0.0,-,None,No
WP_000683931.1,No Hit,No AMR Match,0.0,0.0,-,None,No
WP_000684056.1,No Hit,No AMR Match,0.0,0.0,-,None,No
WP_000684141.1,gnl|BL_ORD_ID|2566,gb|AKQ05899.1|ARO:3004591|tet(55) [uncultured bacterium] ,24.62,89.04,1.14484e-18,Weak,Possible
WP_000684567.1,No Hit,No AMR Match,0.0,0.0,-,None,No
WP_000684746.1,No Hit,No AMR Match,0.0,0.0,-,None,No
WP_000685079.1,gnl|BL_ORD_ID|2098,gb|APB03216.1|ARO:3003982|LlmA_23S_CLI [Paenibacillus sp. LC231] ,28.57,35.9,1.33744e-10,Weak,Possible
WP_000686168.1,No Hit,No AMR Match,0.0,0.0,-,None,No
WP_000686342.1,No Hit,No AMR Match,0.0,0.0,-,None,No
WP_000686457.1,No Hit,No AMR Match,0.0,0.0,-,None,No
WP_000687328.1,No Hit,No AMR Match,0.0,0.0,-,None,No
WP_000687411.1,No Hit,No AMR Match,0.0,0.0,-,None,No
WP_000688126.1,No Hit,No AMR Match,0.0,0.0,-,None,No
WP_000688492.1,No Hit,No AMR Match,0.0,0.0,-,None,No
WP_000689580.1,No Hit,No AMR Match,0.0,0.0,-,None,No
WP_000689998.1,No Hit,No AMR Match,0.0,0.0,-,None,No
WP_000690027.1,gnl|BL_ORD_ID|2618,gb|QFQ03949.1|ARO:3005051|LpsB [Acinetobacter baumannii] ,25.69,66.58,7.38879e-11,Weak,Possible
WP_000690197.1,No Hit,No AMR Match,0.0,0.0,-,None,No
WP_000690419.1,No Hit,No AMR Match,0.0,0.0,-,None,No
WP_000690439.1,No Hit,No AMR Match,0.0,0.0,-,None,No
WP_000691095.1,No Hit,No AMR Match,0.0,0.0,-,None,No
WP_000691284.1,No Hit,No AMR Match,0.0,0.0,-,None,No
WP_000691541.1,No Hit,No AMR Match,0.0,0.0,-,None,No
WP_000691584.1,No Hit,No AMR Match,0.0,0.0,-,None,No
WP_000691761.1,No Hit,No AMR Match,0.0,0.0,-,None,No
WP_000691766.1,No Hit,No AMR Match,0.0,0.0,-,None,No
WP_000691839.1,gnl|BL_ORD_ID|1891,gb|CAA79966.1|ARO:3003665|NmcR [Enterobacter cloacae] ,22.67,84.01,5.68648e-10,Weak,Possible
WP_000691942.1,No Hit,No AMR Match,0.0,0.0,-,None,No
WP_000692003.1,No Hit,No AMR Match,0.0,0.0,-,None,No
WP_000692515.1,gnl|BL_ORD_ID|2618,gb|QFQ03949.1|ARO:3005051|LpsB [Acinetobacter baumannii] ,21.43,97.42,3.532e-11,Weak,Possible
WP_000692521.1,No Hit,No AMR Match,0.0,0.0,-,None,No
WP_000692645.1,No Hit,No AMR Match,0.0,0.0,-,None,No
WP_000692870.1,No Hit,No AMR Match,0.0,0.0,-,None,No
WP_000695342.1,No Hit,No AMR Match,0.0,0.0,-,None,No
WP_000697134.1,No Hit,No AMR Match,0.0,0.0,-,None,No
WP_000697228.1,No Hit,No AMR Match,0.0,0.0,-,None,No
WP_000697334.1,No Hit,No AMR Match,0.0,0.0,-,None,No
WP_000697886.1,gnl|BL_ORD_ID|297,gb|AAR84672.1|ARO:3002925|vanR_in_vanF_cl [Paenibacillus popilliae ATCC 14706] ,34.82,101.36,5.4634e-34,Weak,Possible
WP_000698235.1,No Hit,No AMR Match,0.0,0.0,-,None,No
WP_000698752.1,No Hit,No AMR Match,0.0,0.0,-,None,No
WP_000699538.1,No Hit,No AMR Match,0.0,0.0,-,None,No
WP_000700083.1,No Hit,No AMR Match,0.0,0.0,-,None,No
WP_000700108.1,No Hit,No AMR Match,0.0,0.0,-,None,No
WP_000700191.1,No Hit,No AMR Match,0.0,0.0,-,None,No
WP_000700561.1,No Hit,No AMR Match,0.0,0.0,-,None,No
WP_000700851.1,No Hit,No AMR Match,0.0,0.0,-,None,No
WP_000700852.1,No Hit,No AMR Match,0.0,0.0,-,None,No
WP_000700921.1,No Hit,No AMR Match,0.0,0.0,-,None,No
WP_000701483.1,No Hit,No AMR Match,0.0,0.0,-,None,No
WP_000702263.1,No Hit,No AMR Match,0.0,0.0,-,None,No
WP_000702361.1,No Hit,No AMR Match,0.0,0.0,-,None,No
WP_000702782.1,gnl|BL_ORD_ID|1916,gb|AAC75314.1|ARO:3003578|PmrF [Escherichia coli str. K-12 substr. MG1655] ,33.23,98.47,1.4611e-46,Weak,Possible
WP_000704122.1,No Hit,No AMR Match,0.0,0.0,-,None,No
WP_000704775.1,No Hit,No AMR Match,0.0,0.0,-,None,No
WP_000705246.1,No Hit,No AMR Match,0.0,0.0,-,None,No
WP_000705644.1,No Hit,No AMR Match,0.0,0.0,-,None,No
WP_000706115.1,No Hit,No AMR Match,0.0,0.0,-,None,No
WP_000706137.1,gnl|BL_ORD_ID|1337,gb|AAM09850.1|ARO:3002944|vanH_in_vanD_cl [Enterococcus faecium] ,32.43,75.95,3.23296e-30,Weak,Possible
WP_000706315.1,gnl|BL_ORD_ID|930,gb|BAB36671.1|ARO:3000832|evgA [Escherichia coli O157:H7 str. Sakai] ,30.56,99.54,2.19611e-24,Weak,Possible
WP_000706519.1,No Hit,No AMR Match,0.0,0.0,-,None,No
WP_000708242.1,No Hit,No AMR Match,0.0,0.0,-,None,No
WP_000708692.1,No Hit,No AMR Match,0.0,0.0,-,None,No
WP_000709291.1,No Hit,No AMR Match,0.0,0.0,-,None,No
WP_000710576.1,No Hit,No AMR Match,0.0,0.0,-,None,No
WP_000711486.1,No Hit,No AMR Match,0.0,0.0,-,None,No
WP_000711814.1,No Hit,No AMR Match,0.0,0.0,-,None,No
WP_000711870.1,No Hit,No AMR Match,0.0,0.0,-,None,No
WP_000713072.1,No Hit,No AMR Match,0.0,0.0,-,None,No
WP_000715273.1,No Hit,No AMR Match,0.0,0.0,-,None,No
WP_000717381.1,No Hit,No AMR Match,0.0,0.0,-,None,No
WP_000717561.1,No Hit,No AMR Match,0.0,0.0,-,None,No
WP_000717800.1,No Hit,No AMR Match,0.0,0.0,-,None,No
WP_000718107.1,No Hit,No AMR Match,0.0,0.0,-,None,No
WP_000718955.1,No Hit,No AMR Match,0.0,0.0,-,None,No
WP_000719184.1,No Hit,No AMR Match,0.0,0.0,-,None,No
WP_000719324.1,No Hit,No AMR Match,0.0,0.0,-,None,No
WP_000720806.1,No Hit,No AMR Match,0.0,0.0,-,None,No
WP_000721336.1,No Hit,No AMR Match,0.0,0.0,-,None,No
WP_000721553.1,No Hit,No AMR Match,0.0,0.0,-,None,No
WP_000721707.1,No Hit,No AMR Match,0.0,0.0,-,None,No
WP_000722165.1,No Hit,No AMR Match,0.0,0.0,-,None,No
WP_000723301.1,No Hit,No AMR Match,0.0,0.0,-,None,No
WP_000723418.1,No Hit,No AMR Match,0.0,0.0,-,None,No
WP_000723454.1,No Hit,No AMR Match,0.0,0.0,-,None,No
WP_000723836.1,No Hit,No AMR Match,0.0,0.0,-,None,No
WP_000724887.1,No Hit,No AMR Match,0.0,0.0,-,None,No
WP_000725162.1,No Hit,No AMR Match,0.0,0.0,-,None,No
WP_000725225.1,No Hit,No AMR Match,0.0,0.0,-,None,No
WP_000725596.1,No Hit,No AMR Match,0.0,0.0,-,None,No
WP_000725802.1,No Hit,No AMR Match,0.0,0.0,-,None,No
WP_000727328.1,No Hit,No AMR Match,0.0,0.0,-,None,No
WP_000727423.1,No Hit,No AMR Match,0.0,0.0,-,None,No
WP_000727537.1,No Hit,No AMR Match,0.0,0.0,-,None,No
WP_000727649.1,No Hit,No AMR Match,0.0,0.0,-,None,No
WP_000727762.1,No Hit,No AMR Match,0.0,0.0,-,None,No
WP_000728056.1,No Hit,No AMR Match,0.0,0.0,-,None,No
WP_000728173.1,No Hit,No AMR Match,0.0,0.0,-,None,No
WP_000728763.1,No Hit,No AMR Match,0.0,0.0,-,None,No
WP_000728949.1,No Hit,No AMR Match,0.0,0.0,-,None,No
WP_000729744.1,No Hit,No AMR Match,0.0,0.0,-,None,No
WP_000730043.1,No Hit,No AMR Match,0.0,0.0,-,None,No
WP_000731644.1,No Hit,No AMR Match,0.0,0.0,-,None,No
WP_000731878.1,No Hit,No AMR Match,0.0,0.0,-,None,No
WP_000731972.1,No Hit,No AMR Match,0.0,0.0,-,None,No
WP_000732082.1,No Hit,No AMR Match,0.0,0.0,-,None,No
WP_000732326.1,No Hit,No AMR Match,0.0,0.0,-,None,No
WP_000733409.1,No Hit,No AMR Match,0.0,0.0,-,None,No
WP_000733431.1,No Hit,No AMR Match,0.0,0.0,-,None,No
WP_000734020.1,No Hit,No AMR Match,0.0,0.0,-,None,No
WP_000734064.1,No Hit,No AMR Match,0.0,0.0,-,None,No
WP_000734803.1,No Hit,No AMR Match,0.0,0.0,-,None,No
WP_000735038.1,No Hit,No AMR Match,0.0,0.0,-,None,No
WP_000735558.1,No Hit,No AMR Match,0.0,0.0,-,None,No
WP_000735569.1,No Hit,No AMR Match,0.0,0.0,-,None,No
WP_000735864.1,No Hit,No AMR Match,0.0,0.0,-,None,No
WP_000736084.1,No Hit,No AMR Match,0.0,0.0,-,None,No
WP_000736798.1,No Hit,No AMR Match,0.0,0.0,-,None,No
WP_000737143.1,gnl|BL_ORD_ID|2058,gb|AAC74000.1|ARO:3003950|msbA [Escherichia coli str. K-12 substr. MG1655] ,24.05,91.9,5.44502e-40,Weak,Possible
WP_000737193.1,No Hit,No AMR Match,0.0,0.0,-,None,No
WP_000737654.1,No Hit,No AMR Match,0.0,0.0,-,None,No
WP_000737686.1,No Hit,No AMR Match,0.0,0.0,-,None,No
WP_000737705.1,No Hit,No AMR Match,0.0,0.0,-,None,No
WP_000737976.1,No Hit,No AMR Match,0.0,0.0,-,None,No
WP_000738247.1,gnl|BL_ORD_ID|2062,gb|AAF40763.1|ARO:3003961|farA [Neisseria meningitidis MC58] ,32.43,51.63,4.40271e-16,Weak,Possible
WP_000739209.1,No Hit,No AMR Match,0.0,0.0,-,None,No
WP_000739224.1,No Hit,No AMR Match,0.0,0.0,-,None,No
WP_000739523.1,No Hit,No AMR Match,0.0,0.0,-,None,No
WP_000739563.1,No Hit,No AMR Match,0.0,0.0,-,None,No
WP_000742837.1,No Hit,No AMR Match,0.0,0.0,-,None,No
WP_000743717.1,No Hit,No AMR Match,0.0,0.0,-,None,No
WP_000744073.1,No Hit,No AMR Match,0.0,0.0,-,None,No
WP_000745099.1,No Hit,No AMR Match,0.0,0.0,-,None,No
WP_000745847.1,No Hit,No AMR Match,0.0,0.0,-,None,No
WP_000746375.1,No Hit,No AMR Match,0.0,0.0,-,None,No
WP_000746687.1,No Hit,No AMR Match,0.0,0.0,-,None,No
WP_000747850.1,No Hit,No AMR Match,0.0,0.0,-,None,No
WP_000748760.1,No Hit,No AMR Match,0.0,0.0,-,None,No
WP_000749380.1,No Hit,No AMR Match,0.0,0.0,-,None,No
WP_000749795.1,No Hit,No AMR Match,0.0,0.0,-,None,No
WP_000751207.1,No Hit,No AMR Match,0.0,0.0,-,None,No
WP_000751267.1,No Hit,No AMR Match,0.0,0.0,-,None,No
WP_000751704.1,No Hit,No AMR Match,0.0,0.0,-,None,No
WP_000752008.1,No Hit,No AMR Match,0.0,0.0,-,None,No
WP_000752913.1,No Hit,No AMR Match,0.0,0.0,-,None,No
WP_000752917.1,No Hit,No AMR Match,0.0,0.0,-,None,No
WP_000754443.1,No Hit,No AMR Match,0.0,0.0,-,None,No
WP_000755150.1,No Hit,No AMR Match,0.0,0.0,-,None,No
WP_000755722.1,No Hit,No AMR Match,0.0,0.0,-,None,No
WP_000755954.1,No Hit,No AMR Match,0.0,0.0,-,None,No
WP_000756612.1,No Hit,No AMR Match,0.0,0.0,-,None,No
WP_000757406.1,No Hit,No AMR Match,0.0,0.0,-,None,No
WP_000757543.1,No Hit,No AMR Match,0.0,0.0,-,None,No
WP_000757569.1,No Hit,No AMR Match,0.0,0.0,-,None,No
WP_000757880.1,No Hit,No AMR Match,0.0,0.0,-,None,No
WP_000758215.1,No Hit,No AMR Match,0.0,0.0,-,None,No
WP_000759232.1,No Hit,No AMR Match,0.0,0.0,-,None,No
WP_000759361.1,No Hit,No AMR Match,0.0,0.0,-,None,No
WP_000759682.1,No Hit,No AMR Match,0.0,0.0,-,None,No
WP_000760756.1,No Hit,No AMR Match,0.0,0.0,-,None,No
WP_000761395.1,No Hit,No AMR Match,0.0,0.0,-,None,No
WP_000762552.1,No Hit,No AMR Match,0.0,0.0,-,None,No
WP_000762708.1,No Hit,No AMR Match,0.0,0.0,-,None,No
WP_000763048.1,gnl|BL_ORD_ID|314,gb|AAA99504.1|ARO:3002987|bcrA [Bacillus licheniformis] ,33.33,84.83,1.27943e-35,Weak,Possible
WP_000763628.1,No Hit,No AMR Match,0.0,0.0,-,None,No
WP_000763768.1,No Hit,No AMR Match,0.0,0.0,-,None,No
WP_000764419.1,No Hit,No AMR Match,0.0,0.0,-,None,No
WP_000765183.1,No Hit,No AMR Match,0.0,0.0,-,None,No
WP_000765708.1,No Hit,No AMR Match,0.0,0.0,-,None,No
WP_000766009.1,No Hit,No AMR Match,0.0,0.0,-,None,No
WP_000766074.1,No Hit,No AMR Match,0.0,0.0,-,None,No
WP_000767028.1,No Hit,No AMR Match,0.0,0.0,-,None,No
WP_000768192.1,No Hit,No AMR Match,0.0,0.0,-,None,No
WP_000769163.1,No Hit,No AMR Match,0.0,0.0,-,None,No
WP_000769417.1,No Hit,No AMR Match,0.0,0.0,-,None,No
WP_000769517.1,No Hit,No AMR Match,0.0,0.0,-,None,No
WP_000769689.1,No Hit,No AMR Match,0.0,0.0,-,None,No
WP_000769720.1,No Hit,No AMR Match,0.0,0.0,-,None,No
WP_000769836.1,No Hit,No AMR Match,0.0,0.0,-,None,No
WP_000769845.1,No Hit,No AMR Match,0.0,0.0,-,None,No
WP_000773921.1,gnl|BL_ORD_ID|2433,gb|NP_388442.1|ARO:3004476|vmlR [Bacillus subtilis subsp. subtilis str. 168] ,25.14,86.73,2.50879e-10,Weak,Possible
WP_000773989.1,No Hit,No AMR Match,0.0,0.0,-,None,No
WP_000774281.1,No Hit,No AMR Match,0.0,0.0,-,None,No
WP_000774565.1,No Hit,No AMR Match,0.0,0.0,-,None,No
WP_000774684.1,No Hit,No AMR Match,0.0,0.0,-,None,No
WP_000775114.1,No Hit,No AMR Match,0.0,0.0,-,None,No
WP_000775152.1,No Hit,No AMR Match,0.0,0.0,-,None,No
WP_000775708.1,No Hit,No AMR Match,0.0,0.0,-,None,No
WP_000776018.1,No Hit,No AMR Match,0.0,0.0,-,None,No
WP_000776323.1,No Hit,No AMR Match,0.0,0.0,-,None,No
WP_000776433.1,No Hit,No AMR Match,0.0,0.0,-,None,No
WP_000776751.1,No Hit,No AMR Match,0.0,0.0,-,None,No
WP_000777188.1,gnl|BL_ORD_ID|3229,gb|WP_122630831.1|ARO:3006864|CRD3-1 [uncultured bacterium] ,30.86,35.37,1.84255e-06,Weak,Possible
WP_000777581.1,No Hit,No AMR Match,0.0,0.0,-,None,No
WP_000778523.1,No Hit,No AMR Match,0.0,0.0,-,None,No
WP_000778933.1,No Hit,No AMR Match,0.0,0.0,-,None,No
WP_000779136.1,No Hit,No AMR Match,0.0,0.0,-,None,No
WP_000779358.1,No Hit,No AMR Match,0.0,0.0,-,None,No
WP_000779446.1,No Hit,No AMR Match,0.0,0.0,-,None,No
WP_000779497.1,gnl|BL_ORD_ID|889,gb|AAC75089.1|ARO:3003577|ugd [Escherichia coli str. K-12 substr. MG1655] ,25.06,99.76,2.58002e-17,Weak,Possible
WP_000779748.1,No Hit,No AMR Match,0.0,0.0,-,None,No
WP_000781156.1,No Hit,No AMR Match,0.0,0.0,-,None,No
WP_000781945.1,No Hit,No AMR Match,0.0,0.0,-,None,No
WP_000781979.1,No Hit,No AMR Match,0.0,0.0,-,None,No
WP_000782121.1,No Hit,No AMR Match,0.0,0.0,-,None,No
WP_000782464.1,No Hit,No AMR Match,0.0,0.0,-,None,No
WP_000782618.1,No Hit,No AMR Match,0.0,0.0,-,None,No
WP_000783428.1,No Hit,No AMR Match,0.0,0.0,-,None,No
WP_000784024.1,No Hit,No AMR Match,0.0,0.0,-,None,No
WP_000784244.1,No Hit,No AMR Match,0.0,0.0,-,None,No
WP_000784892.1,No Hit,No AMR Match,0.0,0.0,-,None,No
WP_000785110.1,No Hit,No AMR Match,0.0,0.0,-,None,No
WP_000785252.1,No Hit,No AMR Match,0.0,0.0,-,None,No
WP_000786734.1,gnl|BL_ORD_ID|443,gb|AAV85982.1|ARO:3000535|macB [Neisseria gonorrhoeae] ,33.97,66.77,3.38091e-25,Weak,Possible
WP_000787672.1,No Hit,No AMR Match,0.0,0.0,-,None,No
WP_000787940.1,No Hit,No AMR Match,0.0,0.0,-,None,No
WP_000788443.1,No Hit,No AMR Match,0.0,0.0,-,None,No
WP_000789522.1,No Hit,No AMR Match,0.0,0.0,-,None,No
WP_000789821.1,No Hit,No AMR Match,0.0,0.0,-,None,No
WP_000790330.1,No Hit,No AMR Match,0.0,0.0,-,None,No
WP_000791407.1,No Hit,No AMR Match,0.0,0.0,-,None,No
WP_000791587.1,No Hit,No AMR Match,0.0,0.0,-,None,No
WP_000791620.1,No Hit,No AMR Match,0.0,0.0,-,None,No
WP_000791729.1,No Hit,No AMR Match,0.0,0.0,-,None,No
WP_000792345.1,No Hit,No AMR Match,0.0,0.0,-,None,No
WP_000792417.1,No Hit,No AMR Match,0.0,0.0,-,None,No
WP_000792564.1,No Hit,No AMR Match,0.0,0.0,-,None,No
WP_000793009.1,No Hit,No AMR Match,0.0,0.0,-,None,No
WP_000793070.1,No Hit,No AMR Match,0.0,0.0,-,None,No
WP_000793169.1,No Hit,No AMR Match,0.0,0.0,-,None,No
WP_000793596.1,No Hit,No AMR Match,0.0,0.0,-,None,No
WP_000793605.1,No Hit,No AMR Match,0.0,0.0,-,None,No
WP_000794020.1,No Hit,No AMR Match,0.0,0.0,-,None,No
WP_000794407.1,No Hit,No AMR Match,0.0,0.0,-,None,No
WP_000794442.1,No Hit,No AMR Match,0.0,0.0,-,None,No
WP_000794589.1,No Hit,No AMR Match,0.0,0.0,-,None,No
WP_000795826.1,No Hit,No AMR Match,0.0,0.0,-,None,No
WP_000798968.1,No Hit,No AMR Match,0.0,0.0,-,None,No
WP_000798979.1,No Hit,No AMR Match,0.0,0.0,-,None,No
WP_000799248.1,No Hit,No AMR Match,0.0,0.0,-,None,No
WP_000800700.1,No Hit,No AMR Match,0.0,0.0,-,None,No
WP_000801007.1,No Hit,No AMR Match,0.0,0.0,-,None,No
WP_000801979.1,No Hit,No AMR Match,0.0,0.0,-,None,No
WP_000802946.1,No Hit,No AMR Match,0.0,0.0,-,None,No
WP_000803166.1,No Hit,No AMR Match,0.0,0.0,-,None,No
WP_000804328.1,No Hit,No AMR Match,0.0,0.0,-,None,No
WP_000805733.1,No Hit,No AMR Match,0.0,0.0,-,None,No
WP_000805950.1,No Hit,No AMR Match,0.0,0.0,-,None,No
WP_000806113.1,No Hit,No AMR Match,0.0,0.0,-,None,No
WP_000807536.1,No Hit,No AMR Match,0.0,0.0,-,None,No
WP_000808500.1,No Hit,No AMR Match,0.0,0.0,-,None,No
WP_000808621.1,No Hit,No AMR Match,0.0,0.0,-,None,No
WP_000808817.1,No Hit,No AMR Match,0.0,0.0,-,None,No
WP_000808845.1,gnl|BL_ORD_ID|4487,gb|AAA65955.1|ARO:3002942|vanH_in_vanA_cl [Enterococcus faecium] ,30.96,44.76,1.28052e-28,Weak,Possible
WP_000808902.1,No Hit,No AMR Match,0.0,0.0,-,None,No
WP_000808968.1,No Hit,No AMR Match,0.0,0.0,-,None,No
WP_000809131.1,No Hit,No AMR Match,0.0,0.0,-,None,No
WP_000809526.1,No Hit,No AMR Match,0.0,0.0,-,None,No
WP_000810443.1,No Hit,No AMR Match,0.0,0.0,-,None,No
WP_000810620.1,No Hit,No AMR Match,0.0,0.0,-,None,No
WP_000811163.1,No Hit,No AMR Match,0.0,0.0,-,None,No
WP_000811375.1,No Hit,No AMR Match,0.0,0.0,-,None,No
WP_000812010.1,No Hit,No AMR Match,0.0,0.0,-,None,No
WP_000812827.1,No Hit,No AMR Match,0.0,0.0,-,None,No
WP_000813555.1,No Hit,No AMR Match,0.0,0.0,-,None,No
WP_000814103.1,No Hit,No AMR Match,0.0,0.0,-,None,No
WP_000814565.1,No Hit,No AMR Match,0.0,0.0,-,None,No
WP_000815640.1,No Hit,No AMR Match,0.0,0.0,-,None,No
WP_000815795.1,No Hit,No AMR Match,0.0,0.0,-,None,No
WP_000816129.1,No Hit,No AMR Match,0.0,0.0,-,None,No
WP_000816184.1,No Hit,No AMR Match,0.0,0.0,-,None,No
WP_000816295.1,No Hit,No AMR Match,0.0,0.0,-,None,No
WP_000817954.1,gnl|BL_ORD_ID|2058,gb|AAC74000.1|ARO:3003950|msbA [Escherichia coli str. K-12 substr. MG1655] ,29.91,98.26,1.70106e-85,Weak,Possible
WP_000818278.1,No Hit,No AMR Match,0.0,0.0,-,None,No
WP_000818525.1,No Hit,No AMR Match,0.0,0.0,-,None,No
WP_000818914.1,gnl|BL_ORD_ID|443,gb|AAV85982.1|ARO:3000535|macB [Neisseria gonorrhoeae] ,29.91,61.37,8.12159e-27,Weak,Possible
WP_000819066.1,No Hit,No AMR Match,0.0,0.0,-,None,No
WP_000819532.1,No Hit,No AMR Match,0.0,0.0,-,None,No
WP_000819690.1,No Hit,No AMR Match,0.0,0.0,-,None,No
WP_000819847.1,No Hit,No AMR Match,0.0,0.0,-,None,No
WP_000820892.1,No Hit,No AMR Match,0.0,0.0,-,None,No
WP_000822161.1,No Hit,No AMR Match,0.0,0.0,-,None,No
WP_000822608.1,No Hit,No AMR Match,0.0,0.0,-,None,No
WP_000823215.1,No Hit,No AMR Match,0.0,0.0,-,None,No
WP_000824472.1,No Hit,No AMR Match,0.0,0.0,-,None,No
WP_000825098.1,No Hit,No AMR Match,0.0,0.0,-,None,No
WP_000825510.1,No Hit,No AMR Match,0.0,0.0,-,None,No
WP_000825521.1,No Hit,No AMR Match,0.0,0.0,-,None,No
WP_000825819.1,No Hit,No AMR Match,0.0,0.0,-,None,No
WP_000825929.1,No Hit,No AMR Match,0.0,0.0,-,None,No
WP_000826685.1,No Hit,No AMR Match,0.0,0.0,-,None,No
WP_000826862.1,gnl|BL_ORD_ID|2066,gb|ABF33001.1|ARO:3003969|lmrP [Streptococcus pyogenes MGAS9429] ,20.16,90.62,1.34344e-21,Weak,Possible
WP_000827000.1,No Hit,No AMR Match,0.0,0.0,-,None,No
WP_000827748.1,No Hit,No AMR Match,0.0,0.0,-,None,No
WP_000828354.1,No Hit,No AMR Match,0.0,0.0,-,None,No
WP_000828570.1,No Hit,No AMR Match,0.0,0.0,-,None,No
WP_000828726.1,No Hit,No AMR Match,0.0,0.0,-,None,No
WP_000829167.1,No Hit,No AMR Match,0.0,0.0,-,None,No
WP_000829612.1,No Hit,No AMR Match,0.0,0.0,-,None,No
WP_000829632.1,No Hit,No AMR Match,0.0,0.0,-,None,No
WP_000829750.1,No Hit,No AMR Match,0.0,0.0,-,None,No
WP_000830380.1,No Hit,No AMR Match,0.0,0.0,-,None,No
WP_000831055.1,No Hit,No AMR Match,0.0,0.0,-,None,No
WP_000831218.1,No Hit,No AMR Match,0.0,0.0,-,None,No
WP_000831298.1,No Hit,No AMR Match,0.0,0.0,-,None,No
WP_000831495.1,No Hit,No AMR Match,0.0,0.0,-,None,No
WP_000831698.1,No Hit,No AMR Match,0.0,0.0,-,None,No
WP_000832260.1,No Hit,No AMR Match,0.0,0.0,-,None,No
WP_000833483.1,No Hit,No AMR Match,0.0,0.0,-,None,No
WP_000833797.1,No Hit,No AMR Match,0.0,0.0,-,None,No
WP_000834084.1,No Hit,No AMR Match,0.0,0.0,-,None,No
WP_000835976.1,No Hit,No AMR Match,0.0,0.0,-,None,No
WP_000835992.1,No Hit,No AMR Match,0.0,0.0,-,None,No
WP_000836419.1,No Hit,No AMR Match,0.0,0.0,-,None,No
WP_000836465.1,No Hit,No AMR Match,0.0,0.0,-,None,No
WP_000837105.1,No Hit,No AMR Match,0.0,0.0,-,None,No
WP_000837752.1,No Hit,No AMR Match,0.0,0.0,-,None,No
WP_000838037.1,No Hit,No AMR Match,0.0,0.0,-,None,No
WP_000838204.1,No Hit,No AMR Match,0.0,0.0,-,None,No
WP_000838479.1,No Hit,No AMR Match,0.0,0.0,-,None,No
WP_000839926.1,No Hit,No AMR Match,0.0,0.0,-,None,No
WP_000840574.1,No Hit,No AMR Match,0.0,0.0,-,None,No
WP_000840602.1,No Hit,No AMR Match,0.0,0.0,-,None,No
WP_000840811.1,No Hit,No AMR Match,0.0,0.0,-,None,No
WP_000841351.1,No Hit,No AMR Match,0.0,0.0,-,None,No
WP_000841422.1,No Hit,No AMR Match,0.0,0.0,-,None,No
WP_000842036.1,No Hit,No AMR Match,0.0,0.0,-,None,No
WP_000842277.1,No Hit,No AMR Match,0.0,0.0,-,None,No
WP_000842860.1,No Hit,No AMR Match,0.0,0.0,-,None,No
WP_000843292.1,No Hit,No AMR Match,0.0,0.0,-,None,No
WP_000843611.1,No Hit,No AMR Match,0.0,0.0,-,None,No
WP_000844413.1,No Hit,No AMR Match,0.0,0.0,-,None,No
WP_000846637.1,No Hit,No AMR Match,0.0,0.0,-,None,No
WP_000846746.1,No Hit,No AMR Match,0.0,0.0,-,None,No
WP_000847933.1,No Hit,No AMR Match,0.0,0.0,-,None,No
WP_000848304.1,No Hit,No AMR Match,0.0,0.0,-,None,No
WP_000848350.1,No Hit,No AMR Match,0.0,0.0,-,None,No
WP_000848764.1,No Hit,No AMR Match,0.0,0.0,-,None,No
WP_000849177.1,No Hit,No AMR Match,0.0,0.0,-,None,No
WP_000849439.1,No Hit,No AMR Match,0.0,0.0,-,None,No
WP_000849672.1,No Hit,No AMR Match,0.0,0.0,-,None,No
WP_000850012.1,gnl|BL_ORD_ID|35,gb|AAL19308.1|ARO:3000504|golS [Salmonella enterica subsp. enterica serovar Typhimurium str. LT2] ,26.79,81.16,2.41184e-11,Weak,Possible
WP_000854072.1,No Hit,No AMR Match,0.0,0.0,-,None,No
WP_000855505.1,No Hit,No AMR Match,0.0,0.0,-,None,No
WP_000857159.1,No Hit,No AMR Match,0.0,0.0,-,None,No
WP_000857199.1,No Hit,No AMR Match,0.0,0.0,-,None,No
WP_000857483.1,No Hit,No AMR Match,0.0,0.0,-,None,No
WP_000857602.1,gnl|BL_ORD_ID|2058,gb|AAC74000.1|ARO:3003950|msbA [Escherichia coli str. K-12 substr. MG1655] ,24.03,92.64,8.04335e-29,Weak,Possible
WP_000858789.1,No Hit,No AMR Match,0.0,0.0,-,None,No
WP_000859159.1,No Hit,No AMR Match,0.0,0.0,-,None,No
WP_000859443.1,No Hit,No AMR Match,0.0,0.0,-,None,No
WP_000860047.1,No Hit,No AMR Match,0.0,0.0,-,None,No
WP_000860581.1,No Hit,No AMR Match,0.0,0.0,-,None,No
WP_000861038.1,No Hit,No AMR Match,0.0,0.0,-,None,No
WP_000861572.1,No Hit,No AMR Match,0.0,0.0,-,None,No
WP_000862083.1,No Hit,No AMR Match,0.0,0.0,-,None,No
WP_000862727.1,No Hit,No AMR Match,0.0,0.0,-,None,No
WP_000863440.1,No Hit,No AMR Match,0.0,0.0,-,None,No
WP_000863479.1,No Hit,No AMR Match,0.0,0.0,-,None,No
WP_000863556.1,No Hit,No AMR Match,0.0,0.0,-,None,No
WP_000863985.1,gnl|BL_ORD_ID|766,gb|AEG78825.1|ARO:3002872|FosA3 [Escherichia coli] ,27.91,48.13,1.43883e-08,Weak,Possible
WP_000864185.1,gnl|BL_ORD_ID|4557,gb|AAB64408.1|ARO:3007050|mreA [Streptococcus agalactiae] ,38.94,93.81,7.88467e-61,Weak,Possible
WP_000864305.1,No Hit,No AMR Match,0.0,0.0,-,None,No
WP_000865624.1,No Hit,No AMR Match,0.0,0.0,-,None,No
WP_000866415.1,No Hit,No AMR Match,0.0,0.0,-,None,No
WP_000866747.1,No Hit,No AMR Match,0.0,0.0,-,None,No
WP_000866971.1,No Hit,No AMR Match,0.0,0.0,-,None,No
WP_000867203.1,No Hit,No AMR Match,0.0,0.0,-,None,No
WP_000867357.1,No Hit,No AMR Match,0.0,0.0,-,None,No
WP_000867697.1,No Hit,No AMR Match,0.0,0.0,-,None,No
WP_000867960.1,No Hit,No AMR Match,0.0,0.0,-,None,No
WP_000868248.1,No Hit,No AMR Match,0.0,0.0,-,None,No
WP_000868342.1,No Hit,No AMR Match,0.0,0.0,-,None,No
WP_000868413.1,No Hit,No AMR Match,0.0,0.0,-,None,No
WP_000868645.1,No Hit,No AMR Match,0.0,0.0,-,None,No
WP_000868999.1,No Hit,No AMR Match,0.0,0.0,-,None,No
WP_000869301.1,No Hit,No AMR Match,0.0,0.0,-,None,No
WP_000869455.1,gnl|BL_ORD_ID|1337,gb|AAM09850.1|ARO:3002944|vanH_in_vanD_cl [Enterococcus faecium] ,29.8,62.66,2.53004e-16,Weak,Possible
WP_000869983.1,No Hit,No AMR Match,0.0,0.0,-,None,No
WP_000870806.1,No Hit,No AMR Match,0.0,0.0,-,None,No
WP_000871607.1,gnl|BL_ORD_ID|165,gb|ABD30512.1|ARO:3000839|arlS [Staphylococcus aureus subsp. aureus NCTC 8325] ,35.48,35.69,1.4228e-32,Weak,Possible
WP_000871731.1,No Hit,No AMR Match,0.0,0.0,-,None,No
WP_000872158.1,No Hit,No AMR Match,0.0,0.0,-,None,No
WP_000872390.1,No Hit,No AMR Match,0.0,0.0,-,None,No
WP_000872486.1,No Hit,No AMR Match,0.0,0.0,-,None,No
WP_000872606.1,No Hit,No AMR Match,0.0,0.0,-,None,No
WP_000872653.1,No Hit,No AMR Match,0.0,0.0,-,None,No
WP_000872873.1,No Hit,No AMR Match,0.0,0.0,-,None,No
WP_000873197.1,No Hit,No AMR Match,0.0,0.0,-,None,No
WP_000874681.1,No Hit,No AMR Match,0.0,0.0,-,None,No
WP_000874919.1,No Hit,No AMR Match,0.0,0.0,-,None,No
WP_000876201.1,No Hit,No AMR Match,0.0,0.0,-,None,No
WP_000876318.1,No Hit,No AMR Match,0.0,0.0,-,None,No
WP_000876663.1,No Hit,No AMR Match,0.0,0.0,-,None,No
WP_000876756.1,No Hit,No AMR Match,0.0,0.0,-,None,No
WP_000876826.1,No Hit,No AMR Match,0.0,0.0,-,None,No
WP_000877317.1,No Hit,No AMR Match,0.0,0.0,-,None,No
WP_000882069.1,No Hit,No AMR Match,0.0,0.0,-,None,No
WP_000882085.1,No Hit,No AMR Match,0.0,0.0,-,None,No
WP_000882123.1,No Hit,No AMR Match,0.0,0.0,-,None,No
WP_000882154.1,No Hit,No AMR Match,0.0,0.0,-,None,No
WP_000882165.1,No Hit,No AMR Match,0.0,0.0,-,None,No
WP_000882182.1,No Hit,No AMR Match,0.0,0.0,-,None,No
WP_000883645.1,No Hit,No AMR Match,0.0,0.0,-,None,No
WP_000884055.1,No Hit,No AMR Match,0.0,0.0,-,None,No
WP_000884334.1,No Hit,No AMR Match,0.0,0.0,-,None,No
WP_000884739.1,No Hit,No AMR Match,0.0,0.0,-,None,No
WP_000884870.1,No Hit,No AMR Match,0.0,0.0,-,None,No
WP_000886005.1,No Hit,No AMR Match,0.0,0.0,-,None,No
WP_000886468.1,No Hit,No AMR Match,0.0,0.0,-,None,No
WP_000886500.1,gnl|BL_ORD_ID|2017,gb|WP_010896559.1|ARO:3004643|Erm(K) [Alkalihalobacillus halodurans] ,31.7,75.42,1.1303e-32,Weak,Possible
WP_000887026.1,No Hit,No AMR Match,0.0,0.0,-,None,No
WP_000887915.1,No Hit,No AMR Match,0.0,0.0,-,None,No
WP_000888494.1,No Hit,No AMR Match,0.0,0.0,-,None,No
WP_000888997.1,No Hit,No AMR Match,0.0,0.0,-,None,No
WP_000889252.1,No Hit,No AMR Match,0.0,0.0,-,None,No
WP_000891995.1,No Hit,No AMR Match,0.0,0.0,-,None,No
WP_000894032.1,No Hit,No AMR Match,0.0,0.0,-,None,No
WP_000894464.1,gnl|BL_ORD_ID|443,gb|AAV85982.1|ARO:3000535|macB [Neisseria gonorrhoeae] ,32.69,84.21,1.88365e-22,Weak,Possible
WP_000894660.1,No Hit,No AMR Match,0.0,0.0,-,None,No
WP_000895195.1,No Hit,No AMR Match,0.0,0.0,-,None,No
WP_000896697.1,No Hit,No AMR Match,0.0,0.0,-,None,No
WP_000897044.1,No Hit,No AMR Match,0.0,0.0,-,None,No
WP_000897132.1,No Hit,No AMR Match,0.0,0.0,-,None,No
WP_000897635.1,No Hit,No AMR Match,0.0,0.0,-,None,No
WP_000898356.1,No Hit,No AMR Match,0.0,0.0,-,None,No
WP_000899890.1,No Hit,No AMR Match,0.0,0.0,-,None,No
WP_000901021.1,No Hit,No AMR Match,0.0,0.0,-,None,No
WP_000901764.1,No Hit,No AMR Match,0.0,0.0,-,None,No
WP_000902119.1,No Hit,No AMR Match,0.0,0.0,-,None,No
WP_000902175.1,No Hit,No AMR Match,0.0,0.0,-,None,No
WP_000902817.1,No Hit,No AMR Match,0.0,0.0,-,None,No
WP_000904065.1,No Hit,No AMR Match,0.0,0.0,-,None,No
WP_000904312.1,No Hit,No AMR Match,0.0,0.0,-,None,No
WP_000906224.1,No Hit,No AMR Match,0.0,0.0,-,None,No
WP_000907311.1,gnl|BL_ORD_ID|1472,gb|AAB53445.1|ARO:3002897|SAT-4 [Campylobacter coli] ,32.29,56.14,1.69113e-08,Weak,Possible
WP_000908176.1,gnl|BL_ORD_ID|443,gb|AAV85982.1|ARO:3000535|macB [Neisseria gonorrhoeae] ,30.74,88.85,8.16122e-22,Weak,Possible
WP_000908952.1,No Hit,No AMR Match,0.0,0.0,-,None,No
WP_000908981.1,No Hit,No AMR Match,0.0,0.0,-,None,No
WP_000909220.1,No Hit,No AMR Match,0.0,0.0,-,None,No
WP_000910489.1,No Hit,No AMR Match,0.0,0.0,-,None,No
WP_000910581.1,No Hit,No AMR Match,0.0,0.0,-,None,No
WP_000910689.1,No Hit,No AMR Match,0.0,0.0,-,None,No
WP_000911019.1,gnl|BL_ORD_ID|443,gb|AAV85982.1|ARO:3000535|macB [Neisseria gonorrhoeae] ,36.53,97.33,2.31624e-39,Weak,Possible
WP_000911041.1,No Hit,No AMR Match,0.0,0.0,-,None,No
WP_000911657.1,No Hit,No AMR Match,0.0,0.0,-,None,No
WP_000912324.1,gnl|BL_ORD_ID|2101,gb|APB03219.1|ARO:3003986|TaeA [Paenibacillus sp. LC231] ,29.63,115.17,4.15866e-18,Weak,Possible
WP_000913019.1,gnl|BL_ORD_ID|443,gb|AAV85982.1|ARO:3000535|macB [Neisseria gonorrhoeae] ,30.12,82.59,3.34055e-20,Weak,Possible
WP_000913219.1,No Hit,No AMR Match,0.0,0.0,-,None,No
WP_000913315.1,No Hit,No AMR Match,0.0,0.0,-,None,No
WP_000915229.1,No Hit,No AMR Match,0.0,0.0,-,None,No
WP_000916020.1,No Hit,No AMR Match,0.0,0.0,-,None,No
WP_000916119.1,No Hit,No AMR Match,0.0,0.0,-,None,No
WP_000916187.1,No Hit,No AMR Match,0.0,0.0,-,None,No
WP_000916195.1,No Hit,No AMR Match,0.0,0.0,-,None,No
WP_000916713.1,No Hit,No AMR Match,0.0,0.0,-,None,No
WP_000916742.1,No Hit,No AMR Match,0.0,0.0,-,None,No
WP_000917289.1,No Hit,No AMR Match,0.0,0.0,-,None,No
WP_000917664.1,No Hit,No AMR Match,0.0,0.0,-,None,No
WP_000918667.1,gnl|BL_ORD_ID|2291,gb|BAD59497.1|ARO:3000501|rpoB2 [Nocardia farcinica IFM 10152] ,62.3,70.41,0.0,Strong,Yes
WP_000919350.1,No Hit,No AMR Match,0.0,0.0,-,None,No
WP_000919754.1,gnl|BL_ORD_ID|2277,gb|AQX82857.1|ARO:3004185|mecD [Macrococcus caseolyticus] ,23.41,66.14,7.99468e-11,Weak,Possible
WP_000920052.1,No Hit,No AMR Match,0.0,0.0,-,None,No
WP_000920239.1,gnl|BL_ORD_ID|2075,gb|EHS19134.1|ARO:3004661|Saur_FosB [Staphylococcus aureus subsp. aureus IS-88] ,100.0,100.0,2.31866e-103,Strong,Yes
WP_000921246.1,No Hit,No AMR Match,0.0,0.0,-,None,No
WP_000921494.1,No Hit,No AMR Match,0.0,0.0,-,None,No
WP_000921968.1,gnl|BL_ORD_ID|443,gb|AAV85982.1|ARO:3000535|macB [Neisseria gonorrhoeae] ,28.78,43.99,1.45518e-14,Weak,Possible
WP_000922329.1,No Hit,No AMR Match,0.0,0.0,-,None,No
WP_000923036.1,No Hit,No AMR Match,0.0,0.0,-,None,No
WP_000923044.1,No Hit,No AMR Match,0.0,0.0,-,None,No
WP_000923520.1,gnl|BL_ORD_ID|2174,gb|ANZ79241.1|ARO:3004036|tetB(60) [uncultured bacterium] ,30.15,90.45,1.03256e-26,Weak,Possible
WP_000923760.1,gnl|BL_ORD_ID|443,gb|AAV85982.1|ARO:3000535|macB [Neisseria gonorrhoeae] ,38.33,90.44,4.28653e-51,Weak,Possible
WP_000924214.1,No Hit,No AMR Match,0.0,0.0,-,None,No
WP_000924997.1,No Hit,No AMR Match,0.0,0.0,-,None,No
WP_000926310.1,No Hit,No AMR Match,0.0,0.0,-,None,No
WP_000927360.1,No Hit,No AMR Match,0.0,0.0,-,None,No
WP_000927632.1,No Hit,No AMR Match,0.0,0.0,-,None,No
WP_000928413.1,No Hit,No AMR Match,0.0,0.0,-,None,No
WP_000928935.1,No Hit,No AMR Match,0.0,0.0,-,None,No
WP_000930014.1,No Hit,No AMR Match,0.0,0.0,-,None,No
WP_000930490.1,No Hit,No AMR Match,0.0,0.0,-,None,No
WP_000930643.1,No Hit,No AMR Match,0.0,0.0,-,None,No
WP_000931237.1,No Hit,No AMR Match,0.0,0.0,-,None,No
WP_000932073.1,No Hit,No AMR Match,0.0,0.0,-,None,No
WP_000932219.1,No Hit,No AMR Match,0.0,0.0,-,None,No
WP_000933105.1,No Hit,No AMR Match,0.0,0.0,-,None,No
WP_000933195.1,No Hit,No AMR Match,0.0,0.0,-,None,No
WP_000933774.1,No Hit,No AMR Match,0.0,0.0,-,None,No
WP_000933822.1,No Hit,No AMR Match,0.0,0.0,-,None,No
WP_000933956.1,No Hit,No AMR Match,0.0,0.0,-,None,No
WP_000934151.1,No Hit,No AMR Match,0.0,0.0,-,None,No
WP_000934424.1,No Hit,No AMR Match,0.0,0.0,-,None,No
WP_000934517.1,No Hit,No AMR Match,0.0,0.0,-,None,No
WP_000934753.1,No Hit,No AMR Match,0.0,0.0,-,None,No
WP_000934799.1,No Hit,No AMR Match,0.0,0.0,-,None,No
WP_000934885.1,No Hit,No AMR Match,0.0,0.0,-,None,No
WP_000935991.1,No Hit,No AMR Match,0.0,0.0,-,None,No
WP_000936720.1,No Hit,No AMR Match,0.0,0.0,-,None,No
WP_000939059.1,No Hit,No AMR Match,0.0,0.0,-,None,No
WP_000939521.1,No Hit,No AMR Match,0.0,0.0,-,None,No
WP_000940134.1,gnl|BL_ORD_ID|1472,gb|AAB53445.1|ARO:3002897|SAT-4 [Campylobacter coli] ,25.77,57.74,6.98498e-06,Weak,Possible
WP_000941336.1,No Hit,No AMR Match,0.0,0.0,-,None,No
WP_000942211.1,No Hit,No AMR Match,0.0,0.0,-,None,No
WP_000942300.1,gnl|BL_ORD_ID|2359,gb|AVI44920.1|ARO:3004470|poxtA [Staphylococcus aureus] ,31.66,97.19,1.63271e-73,Weak,Possible
WP_000942744.1,gnl|BL_ORD_ID|754,gb|AAM09849.1|ARO:3000005|vanD [Enterococcus faecium] ,26.8,55.19,8.62661e-08,Weak,Possible
WP_000943832.1,No Hit,No AMR Match,0.0,0.0,-,None,No
WP_000944150.1,No Hit,No AMR Match,0.0,0.0,-,None,No
WP_000948279.1,No Hit,No AMR Match,0.0,0.0,-,None,No
WP_000948331.1,No Hit,No AMR Match,0.0,0.0,-,None,No
WP_000948970.1,gnl|BL_ORD_ID|2644,gb|ADZ12699.1|ARO:3005091|RanA [Riemerella anatipestifer RA-GD] ,30.77,60.54,2.18071e-31,Weak,Possible
WP_000949467.1,No Hit,No AMR Match,0.0,0.0,-,None,No
WP_000949560.1,No Hit,No AMR Match,0.0,0.0,-,None,No
WP_000950281.1,No Hit,No AMR Match,0.0,0.0,-,None,No
WP_000950548.1,No Hit,No AMR Match,0.0,0.0,-,None,No
WP_000951059.1,gnl|BL_ORD_ID|133,gb|BAB41874.1|ARO:3000815|mgrA [Staphylococcus aureus subsp. aureus N315] ,25.0,76.71,5.62897e-07,Weak,Possible
WP_000951448.1,No Hit,No AMR Match,0.0,0.0,-,None,No
WP_000951636.1,No Hit,No AMR Match,0.0,0.0,-,None,No
WP_000952048.1,No Hit,No AMR Match,0.0,0.0,-,None,No
WP_000952537.1,No Hit,No AMR Match,0.0,0.0,-,None,No
WP_000953568.1,No Hit,No AMR Match,0.0,0.0,-,None,No
WP_000953744.1,No Hit,No AMR Match,0.0,0.0,-,None,No
WP_000954261.1,No Hit,No AMR Match,0.0,0.0,-,None,No
WP_000954654.1,No Hit,No AMR Match,0.0,0.0,-,None,No
WP_000954810.1,No Hit,No AMR Match,0.0,0.0,-,None,No
WP_000955231.1,No Hit,No AMR Match,0.0,0.0,-,None,No
WP_000955777.1,No Hit,No AMR Match,0.0,0.0,-,None,No
WP_000956132.1,No Hit,No AMR Match,0.0,0.0,-,None,No
WP_000956747.1,No Hit,No AMR Match,0.0,0.0,-,None,No
WP_000957015.1,No Hit,No AMR Match,0.0,0.0,-,None,No
WP_000957036.1,No Hit,No AMR Match,0.0,0.0,-,None,No
WP_000958224.1,No Hit,No AMR Match,0.0,0.0,-,None,No
WP_000958531.1,No Hit,No AMR Match,0.0,0.0,-,None,No
WP_000958858.1,No Hit,No AMR Match,0.0,0.0,-,None,No
WP_000959424.1,No Hit,No AMR Match,0.0,0.0,-,None,No
WP_000960852.1,No Hit,No AMR Match,0.0,0.0,-,None,No
WP_000966099.1,gnl|BL_ORD_ID|2642,gb|QHW12307.1|ARO:3005089|mef(D) [Macrococcus canis] ,25.57,99.5,2.10868e-15,Weak,Possible
WP_000966142.1,No Hit,No AMR Match,0.0,0.0,-,None,No
WP_000966288.1,No Hit,No AMR Match,0.0,0.0,-,None,No
WP_000966695.1,No Hit,No AMR Match,0.0,0.0,-,None,No
WP_000969811.1,No Hit,No AMR Match,0.0,0.0,-,None,No
WP_000971498.1,No Hit,No AMR Match,0.0,0.0,-,None,No
WP_000971980.1,No Hit,No AMR Match,0.0,0.0,-,None,No
WP_000971990.1,No Hit,No AMR Match,0.0,0.0,-,None,No
WP_000972699.1,No Hit,No AMR Match,0.0,0.0,-,None,No
WP_000972781.1,No Hit,No AMR Match,0.0,0.0,-,None,No
WP_000974460.1,No Hit,No AMR Match,0.0,0.0,-,None,No
WP_000974608.1,No Hit,No AMR Match,0.0,0.0,-,None,No
WP_000974847.1,No Hit,No AMR Match,0.0,0.0,-,None,No
WP_000974881.1,No Hit,No AMR Match,0.0,0.0,-,None,No
WP_000974906.1,No Hit,No AMR Match,0.0,0.0,-,None,No
WP_000975357.1,No Hit,No AMR Match,0.0,0.0,-,None,No
WP_000976269.1,No Hit,No AMR Match,0.0,0.0,-,None,No
WP_000977037.1,No Hit,No AMR Match,0.0,0.0,-,None,No
WP_000977737.1,gnl|BL_ORD_ID|1912,gb|AAK37619.1|ARO:3000481|tet(35) [Vibrio harveyi] ,34.74,20.39,4.18162e-08,Weak,Possible
WP_000977774.1,No Hit,No AMR Match,0.0,0.0,-,None,No
WP_000977781.1,No Hit,No AMR Match,0.0,0.0,-,None,No
WP_000979526.1,No Hit,No AMR Match,0.0,0.0,-,None,No
WP_000979860.1,No Hit,No AMR Match,0.0,0.0,-,None,No
WP_000980137.1,No Hit,No AMR Match,0.0,0.0,-,None,No
WP_000983330.1,No Hit,No AMR Match,0.0,0.0,-,None,No
WP_000983677.1,No Hit,No AMR Match,0.0,0.0,-,None,No
WP_000985235.1,No Hit,No AMR Match,0.0,0.0,-,None,No
WP_000985293.1,No Hit,No AMR Match,0.0,0.0,-,None,No
WP_000985472.1,No Hit,No AMR Match,0.0,0.0,-,None,No
WP_000985617.1,No Hit,No AMR Match,0.0,0.0,-,None,No
WP_000985886.1,No Hit,No AMR Match,0.0,0.0,-,None,No
WP_000985979.1,No Hit,No AMR Match,0.0,0.0,-,None,No
WP_000985996.1,gnl|BL_ORD_ID|443,gb|AAV85982.1|ARO:3000535|macB [Neisseria gonorrhoeae] ,41.96,88.54,2.66362e-59,Strong,Yes
WP_000987769.1,gnl|BL_ORD_ID|165,gb|ABD30512.1|ARO:3000839|arlS [Staphylococcus aureus subsp. aureus NCTC 8325] ,33.33,38.59,5.68299e-31,Weak,Possible
WP_000987949.1,No Hit,No AMR Match,0.0,0.0,-,None,No
WP_000988336.1,No Hit,No AMR Match,0.0,0.0,-,None,No
WP_000989091.1,No Hit,No AMR Match,0.0,0.0,-,None,No
WP_000989121.1,No Hit,No AMR Match,0.0,0.0,-,None,No
WP_000990056.1,No Hit,No AMR Match,0.0,0.0,-,None,No
WP_000990133.1,No Hit,No AMR Match,0.0,0.0,-,None,No
WP_000991007.1,No Hit,No AMR Match,0.0,0.0,-,None,No
WP_000991302.1,gnl|BL_ORD_ID|314,gb|AAA99504.1|ARO:3002987|bcrA [Bacillus licheniformis] ,33.5,67.11,8.10395e-32,Weak,Possible
WP_000991502.1,No Hit,No AMR Match,0.0,0.0,-,None,No
WP_000991705.1,No Hit,No AMR Match,0.0,0.0,-,None,No
WP_000992527.1,No Hit,No AMR Match,0.0,0.0,-,None,No
WP_000992921.1,No Hit,No AMR Match,0.0,0.0,-,None,No
WP_000994678.1,No Hit,No AMR Match,0.0,0.0,-,None,No
WP_000995287.1,No Hit,No AMR Match,0.0,0.0,-,None,No
WP_000995800.1,No Hit,No AMR Match,0.0,0.0,-,None,No
WP_000996736.1,gnl|BL_ORD_ID|2612,gb|AAP26981.1|ARO:3005045|SatA [Bacillus anthracis str. Ames] ,30.16,77.78,2.19357e-09,Weak,Possible
WP_000998556.1,No Hit,No AMR Match,0.0,0.0,-,None,No
WP_000998767.1,No Hit,No AMR Match,0.0,0.0,-,None,No
WP_000998869.1,No Hit,No AMR Match,0.0,0.0,-,None,No
WP_000999131.1,gnl|BL_ORD_ID|2198,gb|ALV80601.1|ARO:3003801|bcr-1 [Pseudomonas aeruginosa] ,31.94,77.11,3.02471e-47,Weak,Possible
WP_000999205.1,No Hit,No AMR Match,0.0,0.0,-,None,No
WP_000999338.1,No Hit,No AMR Match,0.0,0.0,-,None,No
WP_000999713.1,No Hit,No AMR Match,0.0,0.0,-,None,No
WP_001000800.1,No Hit,No AMR Match,0.0,0.0,-,None,No
WP_001001019.1,No Hit,No AMR Match,0.0,0.0,-,None,No
WP_001001228.1,No Hit,No AMR Match,0.0,0.0,-,None,No
WP_001001356.1,No Hit,No AMR Match,0.0,0.0,-,None,No
WP_001001523.1,No Hit,No AMR Match,0.0,0.0,-,None,No
WP_001002340.1,No Hit,No AMR Match,0.0,0.0,-,None,No
WP_001003260.1,gnl|BL_ORD_ID|807,gb|AAA98296.1|ARO:3000250|ErmC [Staphylococcus epidermidis] ,99.18,100.0,7.81936e-179,Strong,Yes
WP_001003408.1,No Hit,No AMR Match,0.0,0.0,-,None,No
WP_001003793.1,No Hit,No AMR Match,0.0,0.0,-,None,No
WP_001004395.1,No Hit,No AMR Match,0.0,0.0,-,None,No
WP_001004752.1,No Hit,No AMR Match,0.0,0.0,-,None,No
WP_001005407.1,No Hit,No AMR Match,0.0,0.0,-,None,No
WP_001005511.1,No Hit,No AMR Match,0.0,0.0,-,None,No
WP_001005767.1,No Hit,No AMR Match,0.0,0.0,-,None,No
WP_001005842.1,No Hit,No AMR Match,0.0,0.0,-,None,No
WP_001006445.1,gnl|BL_ORD_ID|4472,gb|AGP27106.1|ARO:3007010|norC [Staphylococcus aureus] ,98.92,100.0,0.0,Strong,Yes
WP_001006454.1,No Hit,No AMR Match,0.0,0.0,-,None,No
WP_001008213.1,No Hit,No AMR Match,0.0,0.0,-,None,No
WP_001008401.1,gnl|BL_ORD_ID|4721,gb|MCO7070877.1|ARO:3007433|almE [Vibrio cholerae] ,21.88,102.2,3.8858e-23,Weak,Possible
WP_001008475.1,No Hit,No AMR Match,0.0,0.0,-,None,No
WP_001008551.1,No Hit,No AMR Match,0.0,0.0,-,None,No
WP_001008722.1,No Hit,No AMR Match,0.0,0.0,-,None,No
WP_001009516.1,No Hit,No AMR Match,0.0,0.0,-,None,No
WP_001009697.1,No Hit,No AMR Match,0.0,0.0,-,None,No
WP_001010111.1,No Hit,No AMR Match,0.0,0.0,-,None,No
WP_001010289.1,No Hit,No AMR Match,0.0,0.0,-,None,No
WP_001010412.1,No Hit,No AMR Match,0.0,0.0,-,None,No
WP_001010508.1,No Hit,No AMR Match,0.0,0.0,-,None,No
WP_001010762.1,No Hit,No AMR Match,0.0,0.0,-,None,No
WP_001011598.1,No Hit,No AMR Match,0.0,0.0,-,None,No
WP_001012222.1,gnl|BL_ORD_ID|4551,gb|BAE85481.1|ARO:3003727|vanK_in_vanI_cl [Desulfitobacterium hafniense Y51] ,20.66,51.2,4.76128e-11,Weak,Possible
WP_001012747.1,No Hit,No AMR Match,0.0,0.0,-,None,No
WP_001013484.1,No Hit,No AMR Match,0.0,0.0,-,None,No
WP_001014062.1,No Hit,No AMR Match,0.0,0.0,-,None,No
WP_001015117.1,No Hit,No AMR Match,0.0,0.0,-,None,No
WP_001015130.1,No Hit,No AMR Match,0.0,0.0,-,None,No
WP_001015500.1,No Hit,No AMR Match,0.0,0.0,-,None,No
WP_001015549.1,No Hit,No AMR Match,0.0,0.0,-,None,No
WP_001015597.1,No Hit,No AMR Match,0.0,0.0,-,None,No
WP_001015996.1,No Hit,No AMR Match,0.0,0.0,-,None,No
WP_001016166.1,No Hit,No AMR Match,0.0,0.0,-,None,No
WP_001016306.1,No Hit,No AMR Match,0.0,0.0,-,None,No
WP_001017131.1,No Hit,No AMR Match,0.0,0.0,-,None,No
WP_001017423.1,No Hit,No AMR Match,0.0,0.0,-,None,No
WP_001017867.1,No Hit,No AMR Match,0.0,0.0,-,None,No
WP_001018328.1,No Hit,No AMR Match,0.0,0.0,-,None,No
WP_001018677.1,No Hit,No AMR Match,0.0,0.0,-,None,No
WP_001018871.1,No Hit,No AMR Match,0.0,0.0,-,None,No
WP_001018928.1,No Hit,No AMR Match,0.0,0.0,-,None,No
WP_001018962.1,No Hit,No AMR Match,0.0,0.0,-,None,No
WP_001019172.1,No Hit,No AMR Match,0.0,0.0,-,None,No
WP_001019324.1,No Hit,No AMR Match,0.0,0.0,-,None,No
WP_001019337.1,No Hit,No AMR Match,0.0,0.0,-,None,No
WP_001020023.1,No Hit,No AMR Match,0.0,0.0,-,None,No
WP_001020625.1,No Hit,No AMR Match,0.0,0.0,-,None,No
WP_001020801.1,No Hit,No AMR Match,0.0,0.0,-,None,No
WP_001021145.1,No Hit,No AMR Match,0.0,0.0,-,None,No
WP_001021214.1,No Hit,No AMR Match,0.0,0.0,-,None,No
WP_001021468.1,No Hit,No AMR Match,0.0,0.0,-,None,No
WP_001021622.1,No Hit,No AMR Match,0.0,0.0,-,None,No
WP_001022961.1,No Hit,No AMR Match,0.0,0.0,-,None,No
WP_001023806.1,No Hit,No AMR Match,0.0,0.0,-,None,No
WP_001024035.1,No Hit,No AMR Match,0.0,0.0,-,None,No
WP_001024094.1,No Hit,No AMR Match,0.0,0.0,-,None,No
WP_001024377.1,No Hit,No AMR Match,0.0,0.0,-,None,No
WP_001024576.1,No Hit,No AMR Match,0.0,0.0,-,None,No
WP_001024830.1,No Hit,No AMR Match,0.0,0.0,-,None,No
WP_001025061.1,gnl|BL_ORD_ID|340,gb|AAC74149.2|ARO:3001216|mdtH [Escherichia coli str. K-12 substr. MG1655] ,20.12,84.73,3.81895e-09,Weak,Possible
WP_001025093.1,No Hit,No AMR Match,0.0,0.0,-,None,No
WP_001025404.1,No Hit,No AMR Match,0.0,0.0,-,None,No
WP_001027143.1,No Hit,No AMR Match,0.0,0.0,-,None,No
WP_001028221.1,No Hit,No AMR Match,0.0,0.0,-,None,No
WP_001028293.1,No Hit,No AMR Match,0.0,0.0,-,None,No
WP_001028376.1,No Hit,No AMR Match,0.0,0.0,-,None,No
WP_001028431.1,No Hit,No AMR Match,0.0,0.0,-,None,No
WP_001030080.1,No Hit,No AMR Match,0.0,0.0,-,None,No
WP_001030125.1,No Hit,No AMR Match,0.0,0.0,-,None,No
WP_001030465.1,No Hit,No AMR Match,0.0,0.0,-,None,No
WP_001030711.1,No Hit,No AMR Match,0.0,0.0,-,None,No
WP_001030738.1,No Hit,No AMR Match,0.0,0.0,-,None,No
WP_001030771.1,No Hit,No AMR Match,0.0,0.0,-,None,No
WP_001030825.1,No Hit,No AMR Match,0.0,0.0,-,None,No
WP_001031413.1,No Hit,No AMR Match,0.0,0.0,-,None,No
WP_001031454.1,No Hit,No AMR Match,0.0,0.0,-,None,No
WP_001031882.1,No Hit,No AMR Match,0.0,0.0,-,None,No
WP_001031975.1,No Hit,No AMR Match,0.0,0.0,-,None,No
WP_001032739.1,No Hit,No AMR Match,0.0,0.0,-,None,No
WP_001032773.1,No Hit,No AMR Match,0.0,0.0,-,None,No
WP_001032814.1,No Hit,No AMR Match,0.0,0.0,-,None,No
WP_001032833.1,No Hit,No AMR Match,0.0,0.0,-,None,No
WP_001033321.1,No Hit,No AMR Match,0.0,0.0,-,None,No
WP_001033867.1,No Hit,No AMR Match,0.0,0.0,-,None,No
WP_001033876.1,No Hit,No AMR Match,0.0,0.0,-,None,No
WP_001033971.1,No Hit,No AMR Match,0.0,0.0,-,None,No
WP_001034756.1,No Hit,No AMR Match,0.0,0.0,-,None,No
WP_001035618.1,No Hit,No AMR Match,0.0,0.0,-,None,No
WP_001036299.1,No Hit,No AMR Match,0.0,0.0,-,None,No
WP_001036438.1,No Hit,No AMR Match,0.0,0.0,-,None,No
WP_001036663.1,No Hit,No AMR Match,0.0,0.0,-,None,No
WP_001037045.1,No Hit,No AMR Match,0.0,0.0,-,None,No
WP_001037436.1,No Hit,No AMR Match,0.0,0.0,-,None,No
WP_001037807.1,No Hit,No AMR Match,0.0,0.0,-,None,No
WP_001037831.1,No Hit,No AMR Match,0.0,0.0,-,None,No
WP_001038026.1,No Hit,No AMR Match,0.0,0.0,-,None,No
WP_001038308.1,No Hit,No AMR Match,0.0,0.0,-,None,No
WP_001038704.1,No Hit,No AMR Match,0.0,0.0,-,None,No
WP_001038759.1,No Hit,No AMR Match,0.0,0.0,-,None,No
WP_001038769.1,No Hit,No AMR Match,0.0,0.0,-,None,No
WP_001038867.1,No Hit,No AMR Match,0.0,0.0,-,None,No
WP_001039248.1,No Hit,No AMR Match,0.0,0.0,-,None,No
WP_001039275.1,No Hit,No AMR Match,0.0,0.0,-,None,No
WP_001039435.1,No Hit,No AMR Match,0.0,0.0,-,None,No
WP_001039447.1,No Hit,No AMR Match,0.0,0.0,-,None,No
WP_001039519.1,No Hit,No AMR Match,0.0,0.0,-,None,No
WP_001039659.1,No Hit,No AMR Match,0.0,0.0,-,None,No
WP_001040245.1,No Hit,No AMR Match,0.0,0.0,-,None,No
WP_001040261.1,No Hit,No AMR Match,0.0,0.0,-,None,No
WP_001040568.1,gnl|BL_ORD_ID|4594,gb|AAL09826.1|ARO:3007124|tet(W/32/O) [Trueperella pyogenes] ,39.86,37.56,7.892e-21,Weak,Possible
WP_001040736.1,No Hit,No AMR Match,0.0,0.0,-,None,No
WP_001041103.1,No Hit,No AMR Match,0.0,0.0,-,None,No
WP_001041272.1,gnl|BL_ORD_ID|2078,gb|BAA14147.1|ARO:3004667|Saur_norA [Staphylococcus aureus] ,99.74,100.0,0.0,Strong,Yes
WP_001041337.1,No Hit,No AMR Match,0.0,0.0,-,None,No
WP_001041586.1,No Hit,No AMR Match,0.0,0.0,-,None,No
WP_001041662.1,No Hit,No AMR Match,0.0,0.0,-,None,No
WP_001041911.1,No Hit,No AMR Match,0.0,0.0,-,None,No
WP_001043863.1,No Hit,No AMR Match,0.0,0.0,-,None,No
WP_001044214.1,No Hit,No AMR Match,0.0,0.0,-,None,No
WP_001044432.1,No Hit,No AMR Match,0.0,0.0,-,None,No
WP_001044560.1,No Hit,No AMR Match,0.0,0.0,-,None,No
WP_001044662.1,No Hit,No AMR Match,0.0,0.0,-,None,No
WP_001044915.1,No Hit,No AMR Match,0.0,0.0,-,None,No
WP_001045079.1,No Hit,No AMR Match,0.0,0.0,-,None,No
WP_001045111.1,No Hit,No AMR Match,0.0,0.0,-,None,No
WP_001045133.1,gnl|BL_ORD_ID|930,gb|BAB36671.1|ARO:3000832|evgA [Escherichia coli O157:H7 str. Sakai] ,29.76,99.03,4.27421e-24,Weak,Possible
WP_001045421.1,gnl|BL_ORD_ID|4749,gb|UXD71803.1|ARO:3007459|EstT [Sphingobacterium faecium] ,24.0,85.88,3.10534e-07,Weak,Possible
WP_001046646.1,No Hit,No AMR Match,0.0,0.0,-,None,No
WP_001047066.1,gnl|BL_ORD_ID|1891,gb|CAA79966.1|ARO:3003665|NmcR [Enterobacter cloacae] ,26.5,40.48,3.82669e-09,Weak,Possible
WP_001047239.1,No Hit,No AMR Match,0.0,0.0,-,None,No
WP_001048368.1,No Hit,No AMR Match,0.0,0.0,-,None,No
WP_001048816.1,No Hit,No AMR Match,0.0,0.0,-,None,No
WP_001048985.1,No Hit,No AMR Match,0.0,0.0,-,None,No
WP_001049150.1,No Hit,No AMR Match,0.0,0.0,-,None,No
WP_001049165.1,No Hit,No AMR Match,0.0,0.0,-,None,No
WP_001049264.1,No Hit,No AMR Match,0.0,0.0,-,None,No
WP_001049959.1,gnl|BL_ORD_ID|1920,gb|AAF01499.1|ARO:3000193|tet(T) [Streptococcus pyogenes] ,30.63,85.38,9.95368e-51,Weak,Possible
WP_001050064.1,No Hit,No AMR Match,0.0,0.0,-,None,No
WP_001050548.1,No Hit,No AMR Match,0.0,0.0,-,None,No
WP_001050913.1,No Hit,No AMR Match,0.0,0.0,-,None,No
WP_001051143.1,gnl|BL_ORD_ID|4509,gb|CAA53189.1|ARO:3000521|Saur_mupA_MUP [Staphylococcus aureus] ,29.87,23.44,1.91528e-09,Weak,Possible
WP_001051428.1,No Hit,No AMR Match,0.0,0.0,-,None,No
WP_001051556.1,No Hit,No AMR Match,0.0,0.0,-,None,No
WP_001051594.1,No Hit,No AMR Match,0.0,0.0,-,None,No
WP_001051860.1,No Hit,No AMR Match,0.0,0.0,-,None,No
WP_001052270.1,No Hit,No AMR Match,0.0,0.0,-,None,No
WP_001052483.1,No Hit,No AMR Match,0.0,0.0,-,None,No
WP_001052491.1,No Hit,No AMR Match,0.0,0.0,-,None,No
WP_001052510.1,gnl|BL_ORD_ID|1891,gb|CAA79966.1|ARO:3003665|NmcR [Enterobacter cloacae] ,40.32,21.68,3.18172e-08,Weak,Possible
WP_001052566.1,No Hit,No AMR Match,0.0,0.0,-,None,No
WP_001053371.1,No Hit,No AMR Match,0.0,0.0,-,None,No
WP_001054118.1,No Hit,No AMR Match,0.0,0.0,-,None,No
WP_001055897.1,No Hit,No AMR Match,0.0,0.0,-,None,No
WP_001056223.1,No Hit,No AMR Match,0.0,0.0,-,None,No
WP_001057051.1,No Hit,No AMR Match,0.0,0.0,-,None,No
WP_001057759.1,No Hit,No AMR Match,0.0,0.0,-,None,No
WP_001057965.1,No Hit,No AMR Match,0.0,0.0,-,None,No
WP_001058111.1,No Hit,No AMR Match,0.0,0.0,-,None,No
WP_001058299.1,No Hit,No AMR Match,0.0,0.0,-,None,No
WP_001058583.1,No Hit,No AMR Match,0.0,0.0,-,None,No
WP_001058843.1,No Hit,No AMR Match,0.0,0.0,-,None,No
WP_001058983.1,No Hit,No AMR Match,0.0,0.0,-,None,No
WP_001059079.1,No Hit,No AMR Match,0.0,0.0,-,None,No
WP_001059082.1,No Hit,No AMR Match,0.0,0.0,-,None,No
WP_001059690.1,No Hit,No AMR Match,0.0,0.0,-,None,No
WP_001060131.1,No Hit,No AMR Match,0.0,0.0,-,None,No
WP_001060483.1,No Hit,No AMR Match,0.0,0.0,-,None,No
WP_001060842.1,No Hit,No AMR Match,0.0,0.0,-,None,No
WP_001060912.1,No Hit,No AMR Match,0.0,0.0,-,None,No
WP_001061252.1,gnl|BL_ORD_ID|1205,gb|AAC75429.1|ARO:3000833|evgS [Escherichia coli str. K-12 substr. MG1655] ,24.26,67.92,4.02386e-12,Weak,Possible
WP_001062180.1,No Hit,No AMR Match,0.0,0.0,-,None,No
WP_001062658.1,No Hit,No AMR Match,0.0,0.0,-,None,No
WP_001062936.1,No Hit,No AMR Match,0.0,0.0,-,None,No
WP_001062972.1,No Hit,No AMR Match,0.0,0.0,-,None,No
WP_001062982.1,No Hit,No AMR Match,0.0,0.0,-,None,No
WP_001063224.1,No Hit,No AMR Match,0.0,0.0,-,None,No
WP_001063476.1,No Hit,No AMR Match,0.0,0.0,-,None,No
WP_001063559.1,No Hit,No AMR Match,0.0,0.0,-,None,No
WP_001064838.1,gnl|BL_ORD_ID|1104,gb|AAF67494.2|ARO:3002522|novA [Streptomyces niveus] ,30.42,89.61,8.67732e-80,Weak,Possible
WP_001065039.1,No Hit,No AMR Match,0.0,0.0,-,None,No
WP_001065101.1,No Hit,No AMR Match,0.0,0.0,-,None,No
WP_001065268.1,No Hit,No AMR Match,0.0,0.0,-,None,No
WP_001065590.1,No Hit,No AMR Match,0.0,0.0,-,None,No
WP_001065801.1,No Hit,No AMR Match,0.0,0.0,-,None,No
WP_001066545.1,gnl|BL_ORD_ID|1070,gb|CCQ22388.1|ARO:3000421|norB [Listeria monocytogenes] ,38.65,100.0,9.71113e-110,Weak,Possible
WP_001067049.1,gnl|BL_ORD_ID|2644,gb|ADZ12699.1|ARO:3005091|RanA [Riemerella anatipestifer RA-GD] ,26.56,73.48,5.103e-25,Weak,Possible
WP_001067262.1,No Hit,No AMR Match,0.0,0.0,-,None,No
WP_001067294.1,No Hit,No AMR Match,0.0,0.0,-,None,No
WP_001068337.1,No Hit,No AMR Match,0.0,0.0,-,None,No
WP_001068497.1,No Hit,No AMR Match,0.0,0.0,-,None,No
WP_001068542.1,No Hit,No AMR Match,0.0,0.0,-,None,No
WP_001070676.1,No Hit,No AMR Match,0.0,0.0,-,None,No
WP_001071135.1,gnl|BL_ORD_ID|1923,gb|CAX52582.1|ARO:3003324|Bsub_mprF [Bacillus subtilis subsp. subtilis str. 168] ,34.78,101.31,1.06766e-164,Weak,Possible
WP_001071308.1,No Hit,No AMR Match,0.0,0.0,-,None,No
WP_001071591.1,No Hit,No AMR Match,0.0,0.0,-,None,No
WP_001071606.1,No Hit,No AMR Match,0.0,0.0,-,None,No
WP_001071717.1,No Hit,No AMR Match,0.0,0.0,-,None,No
WP_001071973.1,No Hit,No AMR Match,0.0,0.0,-,None,No
WP_001074342.1,No Hit,No AMR Match,0.0,0.0,-,None,No
WP_001074405.1,No Hit,No AMR Match,0.0,0.0,-,None,No
WP_001074474.1,No Hit,No AMR Match,0.0,0.0,-,None,No
WP_001074556.1,No Hit,No AMR Match,0.0,0.0,-,None,No
WP_001074619.1,No Hit,No AMR Match,0.0,0.0,-,None,No
WP_001074749.1,No Hit,No AMR Match,0.0,0.0,-,None,No
WP_001075826.1,No Hit,No AMR Match,0.0,0.0,-,None,No
WP_001076671.1,No Hit,No AMR Match,0.0,0.0,-,None,No
WP_001077602.1,No Hit,No AMR Match,0.0,0.0,-,None,No
WP_001077635.1,No Hit,No AMR Match,0.0,0.0,-,None,No
WP_001077683.1,No Hit,No AMR Match,0.0,0.0,-,None,No
WP_001077722.1,No Hit,No AMR Match,0.0,0.0,-,None,No
WP_001077826.1,No Hit,No AMR Match,0.0,0.0,-,None,No
WP_001078309.1,No Hit,No AMR Match,0.0,0.0,-,None,No
WP_001078456.1,No Hit,No AMR Match,0.0,0.0,-,None,No
WP_001080281.1,No Hit,No AMR Match,0.0,0.0,-,None,No
WP_001080462.1,No Hit,No AMR Match,0.0,0.0,-,None,No
WP_001080809.1,gnl|BL_ORD_ID|2113,gb|APB03214.1|ARO:3003980|tetA(58) [Paenibacillus sp. LC231] ,26.39,81.51,5.79247e-23,Weak,Possible
WP_001080824.1,No Hit,No AMR Match,0.0,0.0,-,None,No
WP_001081351.1,No Hit,No AMR Match,0.0,0.0,-,None,No
WP_001081424.1,No Hit,No AMR Match,0.0,0.0,-,None,No
WP_001081626.1,No Hit,No AMR Match,0.0,0.0,-,None,No
WP_001081634.1,No Hit,No AMR Match,0.0,0.0,-,None,No
WP_001081682.1,No Hit,No AMR Match,0.0,0.0,-,None,No
WP_001083316.1,No Hit,No AMR Match,0.0,0.0,-,None,No
WP_001083499.1,No Hit,No AMR Match,0.0,0.0,-,None,No
WP_001083804.1,No Hit,No AMR Match,0.0,0.0,-,None,No
WP_001084436.1,No Hit,No AMR Match,0.0,0.0,-,None,No
WP_001085185.1,No Hit,No AMR Match,0.0,0.0,-,None,No
WP_001085220.1,No Hit,No AMR Match,0.0,0.0,-,None,No
WP_001085505.1,No Hit,No AMR Match,0.0,0.0,-,None,No
WP_001085655.1,No Hit,No AMR Match,0.0,0.0,-,None,No
WP_001085792.1,No Hit,No AMR Match,0.0,0.0,-,None,No
WP_001085819.1,No Hit,No AMR Match,0.0,0.0,-,None,No
WP_001086053.1,No Hit,No AMR Match,0.0,0.0,-,None,No
WP_001086744.1,No Hit,No AMR Match,0.0,0.0,-,None,No
WP_001088022.1,No Hit,No AMR Match,0.0,0.0,-,None,No
WP_001088780.1,No Hit,No AMR Match,0.0,0.0,-,None,No
WP_001088978.1,No Hit,No AMR Match,0.0,0.0,-,None,No
WP_001089613.1,No Hit,No AMR Match,0.0,0.0,-,None,No
WP_001090985.1,No Hit,No AMR Match,0.0,0.0,-,None,No
WP_001091387.1,No Hit,No AMR Match,0.0,0.0,-,None,No
WP_001092004.1,No Hit,No AMR Match,0.0,0.0,-,None,No
WP_001092187.1,No Hit,No AMR Match,0.0,0.0,-,None,No
WP_001092189.1,No Hit,No AMR Match,0.0,0.0,-,None,No
WP_001092411.1,No Hit,No AMR Match,0.0,0.0,-,None,No
WP_001092605.1,No Hit,No AMR Match,0.0,0.0,-,None,No
WP_001092763.1,No Hit,No AMR Match,0.0,0.0,-,None,No
WP_001093553.1,No Hit,No AMR Match,0.0,0.0,-,None,No
WP_001093929.1,No Hit,No AMR Match,0.0,0.0,-,None,No
WP_001094109.1,No Hit,No AMR Match,0.0,0.0,-,None,No
WP_001094394.1,No Hit,No AMR Match,0.0,0.0,-,None,No
WP_001095260.1,No Hit,No AMR Match,0.0,0.0,-,None,No
WP_001096116.1,No Hit,No AMR Match,0.0,0.0,-,None,No
WP_001096354.1,No Hit,No AMR Match,0.0,0.0,-,None,No
WP_001096459.1,No Hit,No AMR Match,0.0,0.0,-,None,No
WP_001096471.1,No Hit,No AMR Match,0.0,0.0,-,None,No
WP_001096577.1,No Hit,No AMR Match,0.0,0.0,-,None,No
WP_001096642.1,No Hit,No AMR Match,0.0,0.0,-,None,No
WP_001096791.1,gnl|BL_ORD_ID|314,gb|AAA99504.1|ARO:3002987|bcrA [Bacillus licheniformis] ,45.67,90.43,9.94724e-57,Strong,Yes
WP_001100300.1,gnl|BL_ORD_ID|1778,gb|AAV80464.1|ARO:3000565|tet(38) [Staphylococcus aureus] ,99.78,100.0,0.0,Strong,Yes
WP_001100525.1,No Hit,No AMR Match,0.0,0.0,-,None,No
WP_001100664.1,No Hit,No AMR Match,0.0,0.0,-,None,No
WP_001100835.1,No Hit,No AMR Match,0.0,0.0,-,None,No
WP_001101603.1,No Hit,No AMR Match,0.0,0.0,-,None,No
WP_001101908.1,No Hit,No AMR Match,0.0,0.0,-,None,No
WP_001103232.1,gnl|BL_ORD_ID|1965,gb|AAA26793.1|ARO:3003748|oleC [Streptomyces antibioticus] ,25.47,80.3,4.75093e-18,Weak,Possible
WP_001103743.1,No Hit,No AMR Match,0.0,0.0,-,None,No
WP_001103959.1,No Hit,No AMR Match,0.0,0.0,-,None,No
WP_001104172.1,No Hit,No AMR Match,0.0,0.0,-,None,No
WP_001104611.1,No Hit,No AMR Match,0.0,0.0,-,None,No
WP_001105087.1,No Hit,No AMR Match,0.0,0.0,-,None,No
WP_001105707.1,No Hit,No AMR Match,0.0,0.0,-,None,No
WP_001105950.1,No Hit,No AMR Match,0.0,0.0,-,None,No
WP_001105960.1,No Hit,No AMR Match,0.0,0.0,-,None,No
WP_001106019.1,No Hit,No AMR Match,0.0,0.0,-,None,No
WP_001106057.1,No Hit,No AMR Match,0.0,0.0,-,None,No
WP_001106113.1,No Hit,No AMR Match,0.0,0.0,-,None,No
WP_001106654.1,No Hit,No AMR Match,0.0,0.0,-,None,No
WP_001106738.1,gnl|BL_ORD_ID|2618,gb|QFQ03949.1|ARO:3005051|LpsB [Acinetobacter baumannii] ,26.62,31.43,1.04187e-08,Weak,Possible
WP_001107241.1,No Hit,No AMR Match,0.0,0.0,-,None,No
WP_001108126.1,No Hit,No AMR Match,0.0,0.0,-,None,No
WP_001108346.1,No Hit,No AMR Match,0.0,0.0,-,None,No
WP_001108479.1,No Hit,No AMR Match,0.0,0.0,-,None,No
WP_001108545.1,No Hit,No AMR Match,0.0,0.0,-,None,No
WP_001108889.1,No Hit,No AMR Match,0.0,0.0,-,None,No
WP_001109047.1,No Hit,No AMR Match,0.0,0.0,-,None,No
WP_001109273.1,No Hit,No AMR Match,0.0,0.0,-,None,No
WP_001109328.1,No Hit,No AMR Match,0.0,0.0,-,None,No
WP_001109877.1,No Hit,No AMR Match,0.0,0.0,-,None,No
WP_001109939.1,No Hit,No AMR Match,0.0,0.0,-,None,No
WP_001110064.1,No Hit,No AMR Match,0.0,0.0,-,None,No
WP_001110179.1,No Hit,No AMR Match,0.0,0.0,-,None,No
WP_001112045.1,No Hit,No AMR Match,0.0,0.0,-,None,No
WP_001113090.1,No Hit,No AMR Match,0.0,0.0,-,None,No
WP_001113406.1,No Hit,No AMR Match,0.0,0.0,-,None,No
WP_001114452.1,No Hit,No AMR Match,0.0,0.0,-,None,No
WP_001115060.1,No Hit,No AMR Match,0.0,0.0,-,None,No
WP_001115101.1,No Hit,No AMR Match,0.0,0.0,-,None,No
WP_001115440.1,No Hit,No AMR Match,0.0,0.0,-,None,No
WP_001117054.1,No Hit,No AMR Match,0.0,0.0,-,None,No
WP_001117064.1,No Hit,No AMR Match,0.0,0.0,-,None,No
WP_001117767.1,No Hit,No AMR Match,0.0,0.0,-,None,No
WP_001118417.1,No Hit,No AMR Match,0.0,0.0,-,None,No
WP_001118443.1,No Hit,No AMR Match,0.0,0.0,-,None,No
WP_001118663.1,gnl|BL_ORD_ID|738,gb|CCC86795.1|ARO:3001209|mecC [Staphylococcus aureus subsp. aureus LGA251] ,23.93,78.63,1.01777e-19,Weak,Possible
WP_001118667.1,No Hit,No AMR Match,0.0,0.0,-,None,No
WP_001118675.1,No Hit,No AMR Match,0.0,0.0,-,None,No
WP_001118736.1,No Hit,No AMR Match,0.0,0.0,-,None,No
WP_001119021.1,No Hit,No AMR Match,0.0,0.0,-,None,No
WP_001120199.1,No Hit,No AMR Match,0.0,0.0,-,None,No
WP_001121760.1,No Hit,No AMR Match,0.0,0.0,-,None,No
WP_001123276.1,No Hit,No AMR Match,0.0,0.0,-,None,No
WP_001123303.1,No Hit,No AMR Match,0.0,0.0,-,None,No
WP_001124167.1,No Hit,No AMR Match,0.0,0.0,-,None,No
WP_001124198.1,No Hit,No AMR Match,0.0,0.0,-,None,No
WP_001124419.1,No Hit,No AMR Match,0.0,0.0,-,None,No
WP_001124525.1,No Hit,No AMR Match,0.0,0.0,-,None,No
WP_001124985.1,No Hit,No AMR Match,0.0,0.0,-,None,No
WP_001125208.1,No Hit,No AMR Match,0.0,0.0,-,None,No
WP_001125540.1,No Hit,No AMR Match,0.0,0.0,-,None,No
WP_001125610.1,No Hit,No AMR Match,0.0,0.0,-,None,No
WP_001126264.1,No Hit,No AMR Match,0.0,0.0,-,None,No
WP_001126603.1,No Hit,No AMR Match,0.0,0.0,-,None,No
WP_001126664.1,No Hit,No AMR Match,0.0,0.0,-,None,No
WP_001127167.1,No Hit,No AMR Match,0.0,0.0,-,None,No
WP_001127269.1,No Hit,No AMR Match,0.0,0.0,-,None,No
WP_001127689.1,No Hit,No AMR Match,0.0,0.0,-,None,No
WP_001127960.1,No Hit,No AMR Match,0.0,0.0,-,None,No
WP_001129473.1,No Hit,No AMR Match,0.0,0.0,-,None,No
WP_001130051.1,No Hit,No AMR Match,0.0,0.0,-,None,No
WP_001131841.1,No Hit,No AMR Match,0.0,0.0,-,None,No
WP_001133011.1,No Hit,No AMR Match,0.0,0.0,-,None,No
WP_001134194.1,No Hit,No AMR Match,0.0,0.0,-,None,No
WP_001137474.1,No Hit,No AMR Match,0.0,0.0,-,None,No
WP_001138360.1,No Hit,No AMR Match,0.0,0.0,-,None,No
WP_001140234.1,No Hit,No AMR Match,0.0,0.0,-,None,No
WP_001140686.1,No Hit,No AMR Match,0.0,0.0,-,None,No
WP_001140799.1,No Hit,No AMR Match,0.0,0.0,-,None,No
WP_001140871.1,No Hit,No AMR Match,0.0,0.0,-,None,No
WP_001140995.1,gnl|BL_ORD_ID|2701,gb|AAW38464.1|ARO:3004572|Saur_LmrS [Staphylococcus aureus subsp. aureus COL] ,99.58,100.0,0.0,Strong,Yes
WP_001141152.1,No Hit,No AMR Match,0.0,0.0,-,None,No
WP_001141883.1,No Hit,No AMR Match,0.0,0.0,-,None,No
WP_001142337.1,No Hit,No AMR Match,0.0,0.0,-,None,No
WP_001142734.1,No Hit,No AMR Match,0.0,0.0,-,None,No
WP_001143497.1,No Hit,No AMR Match,0.0,0.0,-,None,No
WP_001146763.1,No Hit,No AMR Match,0.0,0.0,-,None,No
WP_001147868.1,No Hit,No AMR Match,0.0,0.0,-,None,No
WP_001147970.1,No Hit,No AMR Match,0.0,0.0,-,None,No
WP_001148642.1,No Hit,No AMR Match,0.0,0.0,-,None,No
WP_001151451.1,No Hit,No AMR Match,0.0,0.0,-,None,No
WP_001151499.1,No Hit,No AMR Match,0.0,0.0,-,None,No
WP_001151814.1,No Hit,No AMR Match,0.0,0.0,-,None,No
WP_001151900.1,No Hit,No AMR Match,0.0,0.0,-,None,No
WP_001151997.1,No Hit,No AMR Match,0.0,0.0,-,None,No
WP_001153681.1,No Hit,No AMR Match,0.0,0.0,-,None,No
WP_001153742.1,No Hit,No AMR Match,0.0,0.0,-,None,No
WP_001154222.1,gnl|BL_ORD_ID|547,gb|ABV18113.1|ARO:3001329|mdtG [Escherichia coli O139:H28 str. E24377A] ,24.9,61.87,7.24423e-07,Weak,Possible
WP_001154302.1,No Hit,No AMR Match,0.0,0.0,-,None,No
WP_001154618.1,No Hit,No AMR Match,0.0,0.0,-,None,No
WP_001155264.1,No Hit,No AMR Match,0.0,0.0,-,None,No
WP_001157329.1,No Hit,No AMR Match,0.0,0.0,-,None,No
WP_001159022.1,No Hit,No AMR Match,0.0,0.0,-,None,No
WP_001159430.1,gnl|BL_ORD_ID|1916,gb|AAC75314.1|ARO:3003578|PmrF [Escherichia coli str. K-12 substr. MG1655] ,28.16,25.0,3.21418e-08,Weak,Possible
WP_001159765.1,No Hit,No AMR Match,0.0,0.0,-,None,No
WP_001159898.1,No Hit,No AMR Match,0.0,0.0,-,None,No
WP_001160682.1,gnl|BL_ORD_ID|2608,gb|TKW44661.1|ARO:3005040|YajC [Pseudomonas aeruginosa] ,39.24,91.86,2.39811e-16,Weak,Possible
WP_001161085.1,No Hit,No AMR Match,0.0,0.0,-,None,No
WP_001162359.1,No Hit,No AMR Match,0.0,0.0,-,None,No
WP_001163751.1,No Hit,No AMR Match,0.0,0.0,-,None,No
WP_001163801.1,No Hit,No AMR Match,0.0,0.0,-,None,No
WP_001164085.1,No Hit,No AMR Match,0.0,0.0,-,None,No
WP_001164629.1,No Hit,No AMR Match,0.0,0.0,-,None,No
WP_001165058.1,No Hit,No AMR Match,0.0,0.0,-,None,No
WP_001165363.1,No Hit,No AMR Match,0.0,0.0,-,None,No
WP_001165377.1,No Hit,No AMR Match,0.0,0.0,-,None,No
WP_001165952.1,No Hit,No AMR Match,0.0,0.0,-,None,No
WP_001166505.1,gnl|BL_ORD_ID|2628,gb|AAG05188.1|ARO:3005068|ParR [Pseudomonas aeruginosa PAO1] ,31.67,98.66,4.73349e-34,Weak,Possible
WP_001166599.1,No Hit,No AMR Match,0.0,0.0,-,None,No
WP_001167175.1,No Hit,No AMR Match,0.0,0.0,-,None,No
WP_001167828.1,No Hit,No AMR Match,0.0,0.0,-,None,No
WP_001167887.1,No Hit,No AMR Match,0.0,0.0,-,None,No
WP_001168904.1,No Hit,No AMR Match,0.0,0.0,-,None,No
WP_001170264.1,No Hit,No AMR Match,0.0,0.0,-,None,No
WP_001171351.1,No Hit,No AMR Match,0.0,0.0,-,None,No
WP_001172340.1,gnl|BL_ORD_ID|4721,gb|MCO7070877.1|ARO:3007433|almE [Vibrio cholerae] ,20.49,106.39,4.57098e-14,Weak,Possible
WP_001173165.1,No Hit,No AMR Match,0.0,0.0,-,None,No
WP_001173201.1,No Hit,No AMR Match,0.0,0.0,-,None,No
WP_001174260.1,No Hit,No AMR Match,0.0,0.0,-,None,No
WP_001175781.1,No Hit,No AMR Match,0.0,0.0,-,None,No
WP_001176715.1,No Hit,No AMR Match,0.0,0.0,-,None,No
WP_001176863.1,No Hit,No AMR Match,0.0,0.0,-,None,No
WP_001177186.1,No Hit,No AMR Match,0.0,0.0,-,None,No
WP_001177817.1,No Hit,No AMR Match,0.0,0.0,-,None,No
WP_001178619.1,No Hit,No AMR Match,0.0,0.0,-,None,No
WP_001178942.1,No Hit,No AMR Match,0.0,0.0,-,None,No
WP_001179384.1,No Hit,No AMR Match,0.0,0.0,-,None,No
WP_001179888.1,No Hit,No AMR Match,0.0,0.0,-,None,No
WP_001180222.1,No Hit,No AMR Match,0.0,0.0,-,None,No
WP_001180262.1,No Hit,No AMR Match,0.0,0.0,-,None,No
WP_001180323.1,No Hit,No AMR Match,0.0,0.0,-,None,No
WP_001182436.1,No Hit,No AMR Match,0.0,0.0,-,None,No
WP_001183429.1,No Hit,No AMR Match,0.0,0.0,-,None,No
WP_001183858.1,No Hit,No AMR Match,0.0,0.0,-,None,No
WP_001184005.1,No Hit,No AMR Match,0.0,0.0,-,None,No
WP_001185193.1,No Hit,No AMR Match,0.0,0.0,-,None,No
WP_001185424.1,No Hit,No AMR Match,0.0,0.0,-,None,No
WP_001185431.1,No Hit,No AMR Match,0.0,0.0,-,None,No
WP_001185462.1,No Hit,No AMR Match,0.0,0.0,-,None,No
WP_001185692.1,No Hit,No AMR Match,0.0,0.0,-,None,No
WP_001186608.1,No Hit,No AMR Match,0.0,0.0,-,None,No
WP_001186806.1,No Hit,No AMR Match,0.0,0.0,-,None,No
WP_001186912.1,No Hit,No AMR Match,0.0,0.0,-,None,No
WP_001187629.1,No Hit,No AMR Match,0.0,0.0,-,None,No
WP_001188077.1,No Hit,No AMR Match,0.0,0.0,-,None,No
WP_001188495.1,gnl|BL_ORD_ID|1525,gb|AFK13828.1|ARO:3000823|ramA [Enterobacter cloacae] ,27.0,13.42,6.4022e-11,Weak,Possible
WP_001190128.1,No Hit,No AMR Match,0.0,0.0,-,None,No
WP_001190533.1,No Hit,No AMR Match,0.0,0.0,-,None,No
WP_001190695.1,No Hit,No AMR Match,0.0,0.0,-,None,No
WP_001190829.1,No Hit,No AMR Match,0.0,0.0,-,None,No
WP_001190841.1,gnl|BL_ORD_ID|2002,gb|AAC73788.1|ARO:3003841|kdpE [Escherichia coli str. K-12 substr. MG1655] ,39.29,96.97,4.64771e-50,Weak,Possible
WP_001190913.1,No Hit,No AMR Match,0.0,0.0,-,None,No
WP_001191874.1,No Hit,No AMR Match,0.0,0.0,-,None,No
WP_001191946.1,No Hit,No AMR Match,0.0,0.0,-,None,No
WP_001192075.1,gnl|BL_ORD_ID|2198,gb|ALV80601.1|ARO:3003801|bcr-1 [Pseudomonas aeruginosa] ,29.46,64.02,1.34317e-38,Weak,Possible
WP_001196354.1,No Hit,No AMR Match,0.0,0.0,-,None,No
WP_001198024.1,No Hit,No AMR Match,0.0,0.0,-,None,No
WP_001199892.1,No Hit,No AMR Match,0.0,0.0,-,None,No
WP_001200541.1,gnl|BL_ORD_ID|2617,gb|CCN31428.1|ARO:3005049|CrcB [Klebsiella pneumoniae subsp. pneumoniae Ecl8] ,31.4,100.0,1.11889e-12,Weak,Possible
WP_001200748.1,No Hit,No AMR Match,0.0,0.0,-,None,No
WP_001205732.1,No Hit,No AMR Match,0.0,0.0,-,None,No
WP_001205910.1,No Hit,No AMR Match,0.0,0.0,-,None,No
WP_001206093.1,No Hit,No AMR Match,0.0,0.0,-,None,No
WP_001208760.1,No Hit,No AMR Match,0.0,0.0,-,None,No
WP_001208912.1,No Hit,No AMR Match,0.0,0.0,-,None,No
WP_001212860.1,No Hit,No AMR Match,0.0,0.0,-,None,No
WP_001212876.1,No Hit,No AMR Match,0.0,0.0,-,None,No
WP_001212937.1,No Hit,No AMR Match,0.0,0.0,-,None,No
WP_001213019.1,No Hit,No AMR Match,0.0,0.0,-,None,No
WP_001213908.1,gnl|BL_ORD_ID|1965,gb|AAA26793.1|ARO:3003748|oleC [Streptomyces antibioticus] ,24.23,86.97,7.22393e-25,Weak,Possible
WP_001213992.1,No Hit,No AMR Match,0.0,0.0,-,None,No
WP_001214661.1,No Hit,No AMR Match,0.0,0.0,-,None,No
WP_001215907.1,No Hit,No AMR Match,0.0,0.0,-,None,No
WP_001216898.1,gnl|BL_ORD_ID|400,gb|AAM92461.1|ARO:3002680|catB8 [Salmonella enterica subsp. enterica serovar Typhi] ,39.42,65.87,1.17242e-26,Weak,Possible
WP_001217125.1,No Hit,No AMR Match,0.0,0.0,-,None,No
WP_001217261.1,No Hit,No AMR Match,0.0,0.0,-,None,No
WP_001217295.1,No Hit,No AMR Match,0.0,0.0,-,None,No
WP_001217730.1,No Hit,No AMR Match,0.0,0.0,-,None,No
WP_001217785.1,No Hit,No AMR Match,0.0,0.0,-,None,No
WP_001217917.1,No Hit,No AMR Match,0.0,0.0,-,None,No
WP_001218596.1,No Hit,No AMR Match,0.0,0.0,-,None,No
WP_001218732.1,No Hit,No AMR Match,0.0,0.0,-,None,No
WP_001220199.1,No Hit,No AMR Match,0.0,0.0,-,None,No
WP_001220813.1,No Hit,No AMR Match,0.0,0.0,-,None,No
WP_001221404.1,No Hit,No AMR Match,0.0,0.0,-,None,No
WP_001221638.1,No Hit,No AMR Match,0.0,0.0,-,None,No
WP_001221651.1,No Hit,No AMR Match,0.0,0.0,-,None,No
WP_001221860.1,No Hit,No AMR Match,0.0,0.0,-,None,No
WP_001222105.1,No Hit,No AMR Match,0.0,0.0,-,None,No
WP_001222133.1,No Hit,No AMR Match,0.0,0.0,-,None,No
WP_001223008.1,gnl|BL_ORD_ID|2386,gb|AAF89152.1|ARO:3004809|GOB-2 [Elizabethkingia meningoseptica] Partial,34.51,68.6,2.17163e-13,Weak,Possible
WP_001223700.1,No Hit,No AMR Match,0.0,0.0,-,None,No
WP_001224176.1,No Hit,No AMR Match,0.0,0.0,-,None,No
WP_001224188.1,No Hit,No AMR Match,0.0,0.0,-,None,No
WP_001224379.1,No Hit,No AMR Match,0.0,0.0,-,None,No
WP_001224793.1,gnl|BL_ORD_ID|1088,gb|AAA86871.1|ARO:3002841|vatB [Staphylococcus aureus] ,46.15,32.3,1.25777e-08,Weak,Possible
WP_001225019.1,No Hit,No AMR Match,0.0,0.0,-,None,No
WP_001226823.1,No Hit,No AMR Match,0.0,0.0,-,None,No
WP_001227724.1,No Hit,No AMR Match,0.0,0.0,-,None,No
WP_001228162.1,No Hit,No AMR Match,0.0,0.0,-,None,No
WP_001229077.1,No Hit,No AMR Match,0.0,0.0,-,None,No
WP_001229911.1,gnl|BL_ORD_ID|443,gb|AAV85982.1|ARO:3000535|macB [Neisseria gonorrhoeae] ,39.91,100.9,4.17388e-42,Weak,Possible
WP_001230228.1,No Hit,No AMR Match,0.0,0.0,-,None,No
WP_001230670.1,No Hit,No AMR Match,0.0,0.0,-,None,No
WP_001231376.1,No Hit,No AMR Match,0.0,0.0,-,None,No
WP_001231451.1,No Hit,No AMR Match,0.0,0.0,-,None,No
WP_001232648.1,gnl|BL_ORD_ID|2106,gb|APB03222.1|ARO:3003992|rphB [Paenibacillus sp. LC231] ,30.08,22.74,1.09499e-07,Weak,Possible
WP_001234988.1,No Hit,No AMR Match,0.0,0.0,-,None,No
WP_001236371.1,No Hit,No AMR Match,0.0,0.0,-,None,No
WP_001236735.1,No Hit,No AMR Match,0.0,0.0,-,None,No
WP_001237004.1,No Hit,No AMR Match,0.0,0.0,-,None,No
WP_001237506.1,gnl|BL_ORD_ID|4477,gb|BAB43261.1|ARO:3007013|sdrM [Staphylococcus aureus subsp. aureus N315] ,100.0,100.0,0.0,Strong,Yes
WP_001237629.1,No Hit,No AMR Match,0.0,0.0,-,None,No
WP_001239288.1,No Hit,No AMR Match,0.0,0.0,-,None,No
WP_001240311.1,No Hit,No AMR Match,0.0,0.0,-,None,No
WP_001240826.1,No Hit,No AMR Match,0.0,0.0,-,None,No
WP_001240848.1,No Hit,No AMR Match,0.0,0.0,-,None,No
WP_001241217.1,No Hit,No AMR Match,0.0,0.0,-,None,No
WP_001242102.1,No Hit,No AMR Match,0.0,0.0,-,None,No
WP_001242318.1,No Hit,No AMR Match,0.0,0.0,-,None,No
WP_001242429.1,No Hit,No AMR Match,0.0,0.0,-,None,No
WP_001244175.1,No Hit,No AMR Match,0.0,0.0,-,None,No
WP_001244298.1,No Hit,No AMR Match,0.0,0.0,-,None,No
WP_001245577.1,No Hit,No AMR Match,0.0,0.0,-,None,No
WP_001245769.1,No Hit,No AMR Match,0.0,0.0,-,None,No
WP_001245802.1,No Hit,No AMR Match,0.0,0.0,-,None,No
WP_001246013.1,No Hit,No AMR Match,0.0,0.0,-,None,No
WP_001246561.1,No Hit,No AMR Match,0.0,0.0,-,None,No
WP_001246698.1,No Hit,No AMR Match,0.0,0.0,-,None,No
WP_001248939.1,No Hit,No AMR Match,0.0,0.0,-,None,No
WP_001249285.1,No Hit,No AMR Match,0.0,0.0,-,None,No
WP_001250038.1,No Hit,No AMR Match,0.0,0.0,-,None,No
WP_001250275.1,No Hit,No AMR Match,0.0,0.0,-,None,No
WP_001250336.1,No Hit,No AMR Match,0.0,0.0,-,None,No
WP_001251211.1,No Hit,No AMR Match,0.0,0.0,-,None,No
WP_001251224.1,No Hit,No AMR Match,0.0,0.0,-,None,No
WP_001251935.1,No Hit,No AMR Match,0.0,0.0,-,None,No
WP_001252529.1,No Hit,No AMR Match,0.0,0.0,-,None,No
WP_001253312.1,No Hit,No AMR Match,0.0,0.0,-,None,No
WP_001253464.1,No Hit,No AMR Match,0.0,0.0,-,None,No
WP_001255379.1,No Hit,No AMR Match,0.0,0.0,-,None,No
WP_001255460.1,No Hit,No AMR Match,0.0,0.0,-,None,No
WP_001255791.1,No Hit,No AMR Match,0.0,0.0,-,None,No
WP_001259678.1,gnl|BL_ORD_ID|1813,gb|AAA87229.1|ARO:3002558|AAC(6')-Ik [Acinetobacter sp. CIP-A165] ,31.88,46.94,1.35269e-06,Weak,Possible
WP_001259925.1,No Hit,No AMR Match,0.0,0.0,-,None,No
WP_001260004.1,No Hit,No AMR Match,0.0,0.0,-,None,No
WP_001260013.1,No Hit,No AMR Match,0.0,0.0,-,None,No
WP_001260089.1,No Hit,No AMR Match,0.0,0.0,-,None,No
WP_001261460.1,No Hit,No AMR Match,0.0,0.0,-,None,No
WP_001261677.1,No Hit,No AMR Match,0.0,0.0,-,None,No
WP_001261795.1,No Hit,No AMR Match,0.0,0.0,-,None,No
WP_001261987.1,No Hit,No AMR Match,0.0,0.0,-,None,No
WP_001263796.1,No Hit,No AMR Match,0.0,0.0,-,None,No
WP_001265708.1,No Hit,No AMR Match,0.0,0.0,-,None,No
WP_001265709.1,No Hit,No AMR Match,0.0,0.0,-,None,No
WP_001266157.1,No Hit,No AMR Match,0.0,0.0,-,None,No
WP_001266541.1,No Hit,No AMR Match,0.0,0.0,-,None,No
WP_001269643.1,No Hit,No AMR Match,0.0,0.0,-,None,No
WP_001269759.1,No Hit,No AMR Match,0.0,0.0,-,None,No
WP_001269929.1,No Hit,No AMR Match,0.0,0.0,-,None,No
WP_001270834.1,No Hit,No AMR Match,0.0,0.0,-,None,No
WP_001270868.1,No Hit,No AMR Match,0.0,0.0,-,None,No
WP_001272126.1,No Hit,No AMR Match,0.0,0.0,-,None,No
WP_001273058.1,No Hit,No AMR Match,0.0,0.0,-,None,No
WP_001273085.1,No Hit,No AMR Match,0.0,0.0,-,None,No
WP_001273586.1,No Hit,No AMR Match,0.0,0.0,-,None,No
WP_001273859.1,No Hit,No AMR Match,0.0,0.0,-,None,No
WP_001274017.1,No Hit,No AMR Match,0.0,0.0,-,None,No
WP_001276571.1,No Hit,No AMR Match,0.0,0.0,-,None,No
WP_001279338.1,No Hit,No AMR Match,0.0,0.0,-,None,No
WP_001279381.1,No Hit,No AMR Match,0.0,0.0,-,None,No
WP_001280006.1,No Hit,No AMR Match,0.0,0.0,-,None,No
WP_001280018.1,No Hit,No AMR Match,0.0,0.0,-,None,No
WP_001280141.1,No Hit,No AMR Match,0.0,0.0,-,None,No
WP_001281145.1,gnl|BL_ORD_ID|1510,gb|ABA71733.1|ARO:3002972|vanT_in_vanG_cl [Enterococcus faecalis] ,33.88,96.6,3.99636e-52,Weak,Possible
WP_001282074.1,No Hit,No AMR Match,0.0,0.0,-,None,No
WP_001282562.1,No Hit,No AMR Match,0.0,0.0,-,None,No
WP_001283055.1,No Hit,No AMR Match,0.0,0.0,-,None,No
WP_001283311.1,No Hit,No AMR Match,0.0,0.0,-,None,No
WP_001283444.1,gnl|BL_ORD_ID|133,gb|BAB41874.1|ARO:3000815|mgrA [Staphylococcus aureus subsp. aureus N315] ,100.0,100.0,5.75768e-108,Strong,Yes
WP_001283612.1,No Hit,No AMR Match,0.0,0.0,-,None,No
WP_001283665.1,No Hit,No AMR Match,0.0,0.0,-,None,No
WP_001283792.1,No Hit,No AMR Match,0.0,0.0,-,None,No
WP_001283977.1,No Hit,No AMR Match,0.0,0.0,-,None,No
WP_001284258.1,No Hit,No AMR Match,0.0,0.0,-,None,No
WP_001285960.1,No Hit,No AMR Match,0.0,0.0,-,None,No
WP_001286320.1,No Hit,No AMR Match,0.0,0.0,-,None,No
WP_001286928.1,No Hit,No AMR Match,0.0,0.0,-,None,No
WP_001287088.1,No Hit,No AMR Match,0.0,0.0,-,None,No
WP_001288049.1,No Hit,No AMR Match,0.0,0.0,-,None,No
WP_001288202.1,No Hit,No AMR Match,0.0,0.0,-,None,No
WP_001288302.1,No Hit,No AMR Match,0.0,0.0,-,None,No
WP_001288681.1,No Hit,No AMR Match,0.0,0.0,-,None,No
WP_001289311.1,No Hit,No AMR Match,0.0,0.0,-,None,No
WP_001289589.1,No Hit,No AMR Match,0.0,0.0,-,None,No
WP_001289614.1,No Hit,No AMR Match,0.0,0.0,-,None,No
WP_001289711.1,No Hit,No AMR Match,0.0,0.0,-,None,No
WP_001290433.1,No Hit,No AMR Match,0.0,0.0,-,None,No
WP_001291022.1,No Hit,No AMR Match,0.0,0.0,-,None,No
WP_001291500.1,No Hit,No AMR Match,0.0,0.0,-,None,No
WP_001291519.1,No Hit,No AMR Match,0.0,0.0,-,None,No
WP_001291535.1,No Hit,No AMR Match,0.0,0.0,-,None,No
WP_001292148.1,No Hit,No AMR Match,0.0,0.0,-,None,No
WP_001292247.1,No Hit,No AMR Match,0.0,0.0,-,None,No
WP_001293058.1,No Hit,No AMR Match,0.0,0.0,-,None,No
WP_001293307.1,No Hit,No AMR Match,0.0,0.0,-,None,No
WP_001294626.1,No Hit,No AMR Match,0.0,0.0,-,None,No
WP_001547756.1,No Hit,No AMR Match,0.0,0.0,-,None,No
WP_001548033.1,No Hit,No AMR Match,0.0,0.0,-,None,No
WP_001548082.1,No Hit,No AMR Match,0.0,0.0,-,None,No
WP_001548498.1,No Hit,No AMR Match,0.0,0.0,-,None,No
WP_001548538.1,No Hit,No AMR Match,0.0,0.0,-,None,No
WP_001548566.1,No Hit,No AMR Match,0.0,0.0,-,None,No
WP_001548613.1,No Hit,No AMR Match,0.0,0.0,-,None,No
WP_001548666.1,No Hit,No AMR Match,0.0,0.0,-,None,No
WP_001548892.1,No Hit,No AMR Match,0.0,0.0,-,None,No
WP_001548903.1,No Hit,No AMR Match,0.0,0.0,-,None,No
WP_001548912.1,No Hit,No AMR Match,0.0,0.0,-,None,No
WP_001548963.1,No Hit,No AMR Match,0.0,0.0,-,None,No
WP_001548978.1,No Hit,No AMR Match,0.0,0.0,-,None,No
WP_001548981.1,No Hit,No AMR Match,0.0,0.0,-,None,No
WP_001549041.1,gnl|BL_ORD_ID|4508,gb|AEY83581.1|ARO:3000510|Saur_mupB_MUP [Staphylococcus aureus] ,23.04,49.07,5.53586e-17,Weak,Possible
WP_001549059.1,No Hit,No AMR Match,0.0,0.0,-,None,No
WP_001549145.1,No Hit,No AMR Match,0.0,0.0,-,None,No
WP_001549166.1,No Hit,No AMR Match,0.0,0.0,-,None,No
WP_001549167.1,No Hit,No AMR Match,0.0,0.0,-,None,No
WP_001549172.1,No Hit,No AMR Match,0.0,0.0,-,None,No
WP_001549178.1,No Hit,No AMR Match,0.0,0.0,-,None,No
WP_001549185.1,No Hit,No AMR Match,0.0,0.0,-,None,No
WP_001549202.1,No Hit,No AMR Match,0.0,0.0,-,None,No
WP_001549577.1,No Hit,No AMR Match,0.0,0.0,-,None,No
WP_001549592.1,No Hit,No AMR Match,0.0,0.0,-,None,No
WP_001549596.1,No Hit,No AMR Match,0.0,0.0,-,None,No
WP_001549607.1,No Hit,No AMR Match,0.0,0.0,-,None,No
WP_001549616.1,No Hit,No AMR Match,0.0,0.0,-,None,No
WP_001549681.1,No Hit,No AMR Match,0.0,0.0,-,None,No
WP_001549718.1,No Hit,No AMR Match,0.0,0.0,-,None,No
WP_001549768.1,No Hit,No AMR Match,0.0,0.0,-,None,No
WP_001549787.1,No Hit,No AMR Match,0.0,0.0,-,None,No
WP_001549802.1,No Hit,No AMR Match,0.0,0.0,-,None,No
WP_001549960.1,gnl|BL_ORD_ID|583,gb|ABQ47844.1|ARO:3000215|mecR1 [Staphylococcus aureus subsp. aureus JH9] ,100.0,99.09,0.0,Strong,Yes
WP_001549968.1,No Hit,No AMR Match,0.0,0.0,-,None,No
WP_001550030.1,No Hit,No AMR Match,0.0,0.0,-,None,No
WP_001550052.1,No Hit,No AMR Match,0.0,0.0,-,None,No
WP_001553862.1,No Hit,No AMR Match,0.0,0.0,-,None,No
WP_001788193.1,No Hit,No AMR Match,0.0,0.0,-,None,No
WP_001788276.1,No Hit,No AMR Match,0.0,0.0,-,None,No
WP_001788281.1,No Hit,No AMR Match,0.0,0.0,-,None,No
WP_001788287.1,No Hit,No AMR Match,0.0,0.0,-,None,No
WP_001788321.1,No Hit,No AMR Match,0.0,0.0,-,None,No
WP_001788366.1,No Hit,No AMR Match,0.0,0.0,-,None,No
WP_001788579.1,No Hit,No AMR Match,0.0,0.0,-,None,No
WP_001788599.1,No Hit,No AMR Match,0.0,0.0,-,None,No
WP_001788617.1,No Hit,No AMR Match,0.0,0.0,-,None,No
WP_001788625.1,No Hit,No AMR Match,0.0,0.0,-,None,No
WP_001788648.1,No Hit,No AMR Match,0.0,0.0,-,None,No
WP_001788716.1,No Hit,No AMR Match,0.0,0.0,-,None,No
WP_001788758.1,No Hit,No AMR Match,0.0,0.0,-,None,No
WP_001788788.1,No Hit,No AMR Match,0.0,0.0,-,None,No
WP_001788795.1,No Hit,No AMR Match,0.0,0.0,-,None,No
WP_001788819.1,No Hit,No AMR Match,0.0,0.0,-,None,No
WP_001788970.1,No Hit,No AMR Match,0.0,0.0,-,None,No
WP_001788994.1,No Hit,No AMR Match,0.0,0.0,-,None,No
WP_001789076.1,No Hit,No AMR Match,0.0,0.0,-,None,No
WP_001789121.1,No Hit,No AMR Match,0.0,0.0,-,None,No
WP_001789136.1,No Hit,No AMR Match,0.0,0.0,-,None,No
WP_001789152.1,No Hit,No AMR Match,0.0,0.0,-,None,No
WP_001789304.1,No Hit,No AMR Match,0.0,0.0,-,None,No
WP_001789343.1,No Hit,No AMR Match,0.0,0.0,-,None,No
WP_001789359.1,No Hit,No AMR Match,0.0,0.0,-,None,No
WP_001789407.1,No Hit,No AMR Match,0.0,0.0,-,None,No
WP_001789408.1,gnl|BL_ORD_ID|1501,gb|AAG06942.1|ARO:3002985|arnA [Pseudomonas aeruginosa PAO1] ,25.62,86.2,4.74598e-13,Weak,Possible
WP_001789411.1,No Hit,No AMR Match,0.0,0.0,-,None,No
WP_001789452.1,No Hit,No AMR Match,0.0,0.0,-,None,No
WP_001789457.1,No Hit,No AMR Match,0.0,0.0,-,None,No
WP_001789518.1,No Hit,No AMR Match,0.0,0.0,-,None,No
WP_001789536.1,No Hit,No AMR Match,0.0,0.0,-,None,No
WP_001789600.1,No Hit,No AMR Match,0.0,0.0,-,None,No
WP_001789641.1,No Hit,No AMR Match,0.0,0.0,-,None,No
WP_001789654.1,No Hit,No AMR Match,0.0,0.0,-,None,No
WP_001789851.1,No Hit,No AMR Match,0.0,0.0,-,None,No
WP_001789859.1,No Hit,No AMR Match,0.0,0.0,-,None,No
WP_001789860.1,No Hit,No AMR Match,0.0,0.0,-,None,No
WP_001789864.1,No Hit,No AMR Match,0.0,0.0,-,None,No
WP_001789866.1,No Hit,No AMR Match,0.0,0.0,-,None,No
WP_001789875.1,No Hit,No AMR Match,0.0,0.0,-,None,No
WP_001789879.1,No Hit,No AMR Match,0.0,0.0,-,None,No
WP_001789887.1,No Hit,No AMR Match,0.0,0.0,-,None,No
WP_001789890.1,No Hit,No AMR Match,0.0,0.0,-,None,No
WP_001789891.1,No Hit,No AMR Match,0.0,0.0,-,None,No
WP_001789897.1,No Hit,No AMR Match,0.0,0.0,-,None,No
WP_001789900.1,No Hit,No AMR Match,0.0,0.0,-,None,No
WP_001789908.1,No Hit,No AMR Match,0.0,0.0,-,None,No
WP_001789909.1,No Hit,No AMR Match,0.0,0.0,-,None,No
WP_001789910.1,No Hit,No AMR Match,0.0,0.0,-,None,No
WP_001789911.1,No Hit,No AMR Match,0.0,0.0,-,None,No
WP_001789912.1,No Hit,No AMR Match,0.0,0.0,-,None,No
WP_001789925.1,No Hit,No AMR Match,0.0,0.0,-,None,No
WP_001789934.1,No Hit,No AMR Match,0.0,0.0,-,None,No
WP_001789935.1,No Hit,No AMR Match,0.0,0.0,-,None,No
WP_001789943.1,No Hit,No AMR Match,0.0,0.0,-,None,No
WP_001789944.1,No Hit,No AMR Match,0.0,0.0,-,None,No
WP_001789945.1,No Hit,No AMR Match,0.0,0.0,-,None,No
WP_001789947.1,No Hit,No AMR Match,0.0,0.0,-,None,No
WP_001789973.1,No Hit,No AMR Match,0.0,0.0,-,None,No
WP_001789981.1,No Hit,No AMR Match,0.0,0.0,-,None,No
WP_001789984.1,No Hit,No AMR Match,0.0,0.0,-,None,No
WP_001789986.1,No Hit,No AMR Match,0.0,0.0,-,None,No
WP_001789987.1,No Hit,No AMR Match,0.0,0.0,-,None,No
WP_001790000.1,No Hit,No AMR Match,0.0,0.0,-,None,No
WP_001790025.1,No Hit,No AMR Match,0.0,0.0,-,None,No
WP_001790034.1,No Hit,No AMR Match,0.0,0.0,-,None,No
WP_001790052.1,No Hit,No AMR Match,0.0,0.0,-,None,No
WP_001790092.1,No Hit,No AMR Match,0.0,0.0,-,None,No
WP_001790093.1,No Hit,No AMR Match,0.0,0.0,-,None,No
WP_001790097.1,No Hit,No AMR Match,0.0,0.0,-,None,No
WP_001790107.1,No Hit,No AMR Match,0.0,0.0,-,None,No
WP_001790128.1,No Hit,No AMR Match,0.0,0.0,-,None,No
WP_001790138.1,No Hit,No AMR Match,0.0,0.0,-,None,No
WP_001790145.1,No Hit,No AMR Match,0.0,0.0,-,None,No
WP_001790154.1,No Hit,No AMR Match,0.0,0.0,-,None,No
WP_001790158.1,No Hit,No AMR Match,0.0,0.0,-,None,No
WP_001790167.1,No Hit,No AMR Match,0.0,0.0,-,None,No
WP_001790169.1,No Hit,No AMR Match,0.0,0.0,-,None,No
WP_001790177.1,No Hit,No AMR Match,0.0,0.0,-,None,No
WP_001790198.1,No Hit,No AMR Match,0.0,0.0,-,None,No
WP_001790232.1,No Hit,No AMR Match,0.0,0.0,-,None,No
WP_001790257.1,No Hit,No AMR Match,0.0,0.0,-,None,No
WP_001790530.1,No Hit,No AMR Match,0.0,0.0,-,None,No
WP_001790531.1,No Hit,No AMR Match,0.0,0.0,-,None,No
WP_001790533.1,No Hit,No AMR Match,0.0,0.0,-,None,No
WP_001790547.1,No Hit,No AMR Match,0.0,0.0,-,None,No
WP_001790553.1,No Hit,No AMR Match,0.0,0.0,-,None,No
WP_001790559.1,No Hit,No AMR Match,0.0,0.0,-,None,No
WP_001790560.1,No Hit,No AMR Match,0.0,0.0,-,None,No
WP_001790562.1,No Hit,No AMR Match,0.0,0.0,-,None,No
WP_001790576.1,No Hit,No AMR Match,0.0,0.0,-,None,No
WP_001790599.1,No Hit,No AMR Match,0.0,0.0,-,None,No
WP_001790600.1,No Hit,No AMR Match,0.0,0.0,-,None,No
WP_001790611.1,No Hit,No AMR Match,0.0,0.0,-,None,No
WP_001790623.1,No Hit,No AMR Match,0.0,0.0,-,None,No
WP_001790624.1,No Hit,No AMR Match,0.0,0.0,-,None,No
WP_001790628.1,No Hit,No AMR Match,0.0,0.0,-,None,No
WP_001790641.1,No Hit,No AMR Match,0.0,0.0,-,None,No
WP_001790652.1,No Hit,No AMR Match,0.0,0.0,-,None,No
WP_001790661.1,No Hit,No AMR Match,0.0,0.0,-,None,No
WP_001790675.1,No Hit,No AMR Match,0.0,0.0,-,None,No
WP_001790679.1,No Hit,No AMR Match,0.0,0.0,-,None,No
WP_001790680.1,No Hit,No AMR Match,0.0,0.0,-,None,No
WP_001790685.1,No Hit,No AMR Match,0.0,0.0,-,None,No
WP_001790696.1,No Hit,No AMR Match,0.0,0.0,-,None,No
WP_001790708.1,No Hit,No AMR Match,0.0,0.0,-,None,No
WP_001790712.1,No Hit,No AMR Match,0.0,0.0,-,None,No
WP_001790739.1,No Hit,No AMR Match,0.0,0.0,-,None,No
WP_001791162.1,No Hit,No AMR Match,0.0,0.0,-,None,No
WP_001791424.1,No Hit,No AMR Match,0.0,0.0,-,None,No
WP_001791635.1,No Hit,No AMR Match,0.0,0.0,-,None,No
WP_001791638.1,No Hit,No AMR Match,0.0,0.0,-,None,No
WP_001791651.1,No Hit,No AMR Match,0.0,0.0,-,None,No
WP_001791653.1,No Hit,No AMR Match,0.0,0.0,-,None,No
WP_001791678.1,No Hit,No AMR Match,0.0,0.0,-,None,No
WP_001791691.1,No Hit,No AMR Match,0.0,0.0,-,None,No
WP_001791696.1,No Hit,No AMR Match,0.0,0.0,-,None,No
WP_001791710.1,No Hit,No AMR Match,0.0,0.0,-,None,No
WP_001791731.1,No Hit,No AMR Match,0.0,0.0,-,None,No
WP_001791736.1,No Hit,No AMR Match,0.0,0.0,-,None,No
WP_001791744.1,No Hit,No AMR Match,0.0,0.0,-,None,No
WP_001791752.1,No Hit,No AMR Match,0.0,0.0,-,None,No
WP_001791758.1,No Hit,No AMR Match,0.0,0.0,-,None,No
WP_001791763.1,No Hit,No AMR Match,0.0,0.0,-,None,No
WP_001791767.1,No Hit,No AMR Match,0.0,0.0,-,None,No
WP_001791768.1,No Hit,No AMR Match,0.0,0.0,-,None,No
WP_001791775.1,No Hit,No AMR Match,0.0,0.0,-,None,No
WP_001791776.1,No Hit,No AMR Match,0.0,0.0,-,None,No
WP_001791787.1,No Hit,No AMR Match,0.0,0.0,-,None,No
WP_001791789.1,No Hit,No AMR Match,0.0,0.0,-,None,No
WP_001791795.1,No Hit,No AMR Match,0.0,0.0,-,None,No
WP_001791797.1,No Hit,No AMR Match,0.0,0.0,-,None,No
WP_001791812.1,No Hit,No AMR Match,0.0,0.0,-,None,No
WP_001791821.1,No Hit,No AMR Match,0.0,0.0,-,None,No
WP_001791826.1,No Hit,No AMR Match,0.0,0.0,-,None,No
WP_001791835.1,No Hit,No AMR Match,0.0,0.0,-,None,No
WP_001791844.1,No Hit,No AMR Match,0.0,0.0,-,None,No
WP_001791851.1,No Hit,No AMR Match,0.0,0.0,-,None,No
WP_001791873.1,No Hit,No AMR Match,0.0,0.0,-,None,No
WP_001791878.1,No Hit,No AMR Match,0.0,0.0,-,None,No
WP_001791883.1,No Hit,No AMR Match,0.0,0.0,-,None,No
WP_001791888.1,No Hit,No AMR Match,0.0,0.0,-,None,No
WP_001791893.1,No Hit,No AMR Match,0.0,0.0,-,None,No
WP_001792568.1,No Hit,No AMR Match,0.0,0.0,-,None,No
WP_001792906.1,No Hit,No AMR Match,0.0,0.0,-,None,No
WP_001793250.1,No Hit,No AMR Match,0.0,0.0,-,None,No
WP_001793603.1,No Hit,No AMR Match,0.0,0.0,-,None,No
WP_001794540.1,No Hit,No AMR Match,0.0,0.0,-,None,No
WP_001795157.1,No Hit,No AMR Match,0.0,0.0,-,None,No
WP_001795334.1,No Hit,No AMR Match,0.0,0.0,-,None,No
WP_001795394.1,No Hit,No AMR Match,0.0,0.0,-,None,No
WP_001795438.1,No Hit,No AMR Match,0.0,0.0,-,None,No
WP_001795441.1,No Hit,No AMR Match,0.0,0.0,-,None,No
WP_001795457.1,No Hit,No AMR Match,0.0,0.0,-,None,No
WP_001795485.1,No Hit,No AMR Match,0.0,0.0,-,None,No
WP_001795496.1,No Hit,No AMR Match,0.0,0.0,-,None,No
WP_001795535.1,No Hit,No AMR Match,0.0,0.0,-,None,No
WP_001795544.1,No Hit,No AMR Match,0.0,0.0,-,None,No
WP_001795559.1,No Hit,No AMR Match,0.0,0.0,-,None,No
WP_001795576.1,No Hit,No AMR Match,0.0,0.0,-,None,No
WP_001795631.1,No Hit,No AMR Match,0.0,0.0,-,None,No
WP_001797236.1,No Hit,No AMR Match,0.0,0.0,-,None,No
WP_001797296.1,No Hit,No AMR Match,0.0,0.0,-,None,No
WP_001797372.1,No Hit,No AMR Match,0.0,0.0,-,None,No
WP_001797475.1,No Hit,No AMR Match,0.0,0.0,-,None,No
WP_001797632.1,No Hit,No AMR Match,0.0,0.0,-,None,No
WP_001801648.1,No Hit,No AMR Match,0.0,0.0,-,None,No
WP_001801650.1,No Hit,No AMR Match,0.0,0.0,-,None,No
WP_001801657.1,No Hit,No AMR Match,0.0,0.0,-,None,No
WP_001801779.1,No Hit,No AMR Match,0.0,0.0,-,None,No
WP_001801792.1,No Hit,No AMR Match,0.0,0.0,-,None,No
WP_001801842.1,No Hit,No AMR Match,0.0,0.0,-,None,No
WP_001801861.1,No Hit,No AMR Match,0.0,0.0,-,None,No
WP_001801873.1,gnl|BL_ORD_ID|1207,gb|AGC51118.1|ARO:3000617|mecA [Staphylococcus aureus] ,99.7,99.85,0.0,Strong,Yes
WP_001802045.1,No Hit,No AMR Match,0.0,0.0,-,None,No
WP_001802298.1,No Hit,No AMR Match,0.0,0.0,-,None,No
WP_001802312.1,No Hit,No AMR Match,0.0,0.0,-,None,No
WP_001802667.1,No Hit,No AMR Match,0.0,0.0,-,None,No
WP_001802886.1,No Hit,No AMR Match,0.0,0.0,-,None,No
WP_001803115.1,No Hit,No AMR Match,0.0,0.0,-,None,No
WP_001803470.1,No Hit,No AMR Match,0.0,0.0,-,None,No
WP_001805237.1,No Hit,No AMR Match,0.0,0.0,-,None,No
WP_001805409.1,No Hit,No AMR Match,0.0,0.0,-,None,No
WP_001808146.1,No Hit,No AMR Match,0.0,0.0,-,None,No
WP_001820550.1,No Hit,No AMR Match,0.0,0.0,-,None,No
WP_001822249.1,No Hit,No AMR Match,0.0,0.0,-,None,No
WP_001827022.1,No Hit,No AMR Match,0.0,0.0,-,None,No
WP_002868962.1,No Hit,No AMR Match,0.0,0.0,-,None,No
WP_010956542.1,No Hit,No AMR Match,0.0,0.0,-,None,No
WP_010956543.1,No Hit,No AMR Match,0.0,0.0,-,None,No
WP_010956549.1,No Hit,No AMR Match,0.0,0.0,-,None,No
WP_010956583.1,No Hit,No AMR Match,0.0,0.0,-,None,No
WP_011443608.1,No Hit,No AMR Match,0.0,0.0,-,None,No
WP_011443619.1,No Hit,No AMR Match,0.0,0.0,-,None,No
WP_011443641.1,gnl|BL_ORD_ID|165,gb|ABD30512.1|ARO:3000839|arlS [Staphylococcus aureus subsp. aureus NCTC 8325] ,36.56,41.05,1.32594e-34,Weak,Possible
WP_011443643.1,No Hit,No AMR Match,0.0,0.0,-,None,No
WP_011443657.1,No Hit,No AMR Match,0.0,0.0,-,None,No
WP_011446983.1,No Hit,No AMR Match,0.0,0.0,-,None,No
WP_011447028.1,No Hit,No AMR Match,0.0,0.0,-,None,No
WP_011447074.1,No Hit,No AMR Match,0.0,0.0,-,None,No
WP_012211173.1,No Hit,No AMR Match,0.0,0.0,-,None,No
WP_014373779.1,No Hit,No AMR Match,0.0,0.0,-,None,No
WP_014373780.1,No Hit,No AMR Match,0.0,0.0,-,None,No
WP_014373781.1,No Hit,No AMR Match,0.0,0.0,-,None,No
WP_014532416.1,No Hit,No AMR Match,0.0,0.0,-,None,No
WP_015445997.1,No Hit,No AMR Match,0.0,0.0,-,None,No
WP_020444595.1,No Hit,No AMR Match,0.0,0.0,-,None,No
WP_024937002.1,No Hit,No AMR Match,0.0,0.0,-,None,No
WP_025175201.1,No Hit,No AMR Match,0.0,0.0,-,None,No
WP_031857449.1,No Hit,No AMR Match,0.0,0.0,-,None,No
WP_047335196.1,No Hit,No AMR Match,0.0,0.0,-,None,No
WP_048518122.1,No Hit,No AMR Match,0.0,0.0,-,None,No
WP_071665632.1,No Hit,No AMR Match,0.0,0.0,-,None,No
WP_076035539.1,No Hit,No AMR Match,0.0,0.0,-,None,No
WP_076035548.1,No Hit,No AMR Match,0.0,0.0,-,None,No
WP_077442703.1,No Hit,No AMR Match,0.0,0.0,-,None,No
WP_094969769.1,No Hit,No AMR Match,0.0,0.0,-,None,No
WP_223181133.1,No Hit,No AMR Match,0.0,0.0,-,None,No
WP_223181135.1,No Hit,No AMR Match,0.0,0.0,-,None,No
WP_223200570.1,No Hit,No AMR Match,0.0,0.0,-,None,No
WP_223200571.1,No Hit,No AMR Match,0.0,0.0,-,None,No
WP_223200572.1,No Hit,No AMR Match,0.0,0.0,-,None,No
WP_223200821.1,No Hit,No AMR Match,0.0,0.0,-,None,No
WP_228764722.1,No Hit,No AMR Match,0.0,0.0,-,None,No
